countyname,state,COST ,DEMC ,DEMO ,DEMP ,HCPP ,HMO ,PACE ,PFFS ,PPO ,PSO 
ABBEVILLE ,SC,1,0,0,0,1,0,1,5,0,0
ACADIA ,LA,0,1,0,0,2,4,0,2,0,1
ACCOMACK ,VA,1,0,0,1,2,1,0,0,1,0
ADA ,ID,3,1,3,1,5,25,1,4,5,0
ADAIR ,IA,1,0,0,0,0,0,0,3,0,0
ADAIR ,KY,0,0,0,0,1,2,0,2,0,0
ADAIR ,MO,1,0,1,0,2,3,0,1,0,0
ADAIR ,OK,0,0,0,0,0,1,0,1,0,0
ADAMS ,CO,2,0,1,1,3,26,2,2,3,0
ADAMS ,IA,0,0,0,0,0,1,0,2,0,0
ADAMS ,ID,1,0,0,0,1,3,0,1,0,0
ADAMS ,IL,1,0,0,0,2,2,0,3,1,0
ADAMS ,IN,0,0,0,0,0,3,0,3,1,0
ADAMS ,MS,1,0,0,0,3,2,0,0,0,0
ADAMS ,ND,1,0,0,0,0,1,0,0,0,0
ADAMS ,NE,0,0,0,0,1,2,0,3,0,0
ADAMS ,OH,0,0,0,0,1,5,0,0,2,0
ADAMS ,PA,2,0,0,1,2,7,0,4,3,0
ADAMS ,WA,0,0,0,1,1,3,0,1,0,0
ADAMS ,WI,1,0,0,0,1,5,0,3,0,0
ADDISON ,VT,0,0,0,0,0,5,0,0,0,0
AIKEN ,SC,1,1,0,0,3,18,1,4,1,0
AITKIN ,MN,3,0,3,0,0,5,0,3,0,0
ALACHUA ,FL,1,1,1,0,3,14,0,2,3,0
ALAMANCE ,NC,2,0,1,1,2,10,0,4,0,0
ALAMEDA ,CA,10,1,3,3,4,46,5,2,4,1
ALAMOSA ,CO,2,0,0,0,0,2,0,0,1,0
ALBANY ,NY,1,0,1,1,4,23,2,1,2,0
ALBANY ,WY,1,0,0,0,2,5,0,0,0,0
ALBEMARLE ,VA,0,0,1,0,2,3,1,0,1,0
ALCONA ,MI,0,0,0,0,1,2,0,1,0,0
ALCORN ,MS,0,0,0,1,2,5,0,0,0,0
ALEXANDER ,IL,0,0,0,0,2,1,0,1,0,0
ALEXANDER ,NC,0,1,0,0,2,4,0,3,0,0
ALEXANDRIA CITY ,VA,1,0,0,0,1,11,0,2,2,0
ALFALFA ,OK,0,0,1,0,0,0,0,0,0,0
ALGER ,MI,1,0,0,0,0,1,0,2,0,0
ALLAMAKEE ,IA,2,0,0,0,0,1,0,3,0,0
ALLEGAN ,MI,0,0,0,0,2,10,0,4,0,0
ALLEGANY ,MD,1,0,0,0,1,5,0,0,0,0
ALLEGANY ,NY,1,0,0,1,1,7,0,1,2,0
ALLEGHANY ,NC,0,0,0,0,2,3,0,2,0,0
ALLEGHANY ,VA,0,0,0,0,2,4,0,0,0,0
ALLEGHENY ,PA,4,0,1,4,5,40,2,2,4,0
ALLEN ,IN,3,0,0,1,5,15,1,4,2,0
ALLEN ,KS,0,0,0,0,3,1,0,1,0,0
ALLEN ,KY,0,0,0,0,1,2,0,1,0,0
ALLEN ,LA,0,1,0,0,1,2,0,1,0,1
ALLEN ,OH,0,0,0,1,2,5,0,1,0,0
ALLENDALE ,SC,0,0,0,0,0,1,0,2,0,0
ALPENA ,MI,0,0,0,0,1,4,0,1,0,0
ALPINE ,CA,0,0,0,0,0,2,0,0,0,0
AMADOR ,CA,1,1,2,0,2,8,0,0,0,0
AMELIA ,VA,0,0,0,0,3,0,0,3,0,0
AMHERST ,VA,1,0,0,0,2,3,0,3,0,0
AMITE ,MS,0,0,0,0,1,2,0,0,0,0
ANCHORAGE ,AK,2,1,2,0,4,20,1,0,3,1
ANDERSON ,KS,0,0,0,0,1,1,0,0,0,0
ANDERSON ,KY,0,0,0,0,2,0,0,2,1,0
ANDERSON ,SC,2,0,1,1,2,11,0,5,1,0
ANDERSON ,TN,1,0,0,1,1,6,0,2,0,0
ANDERSON ,TX,1,1,0,0,2,6,0,2,0,0
ANDREW ,MO,0,0,0,0,1,1,0,0,0,0
ANDREWS ,TX,0,1,0,0,1,0,0,1,0,0
ANDROSCOGGIN ,ME,0,0,0,0,1,9,0,1,0,0
ANGELINA ,TX,0,1,0,0,2,6,0,3,0,0
ANNE ARUNDEL ,MD,3,0,3,2,2,26,0,1,3,0
ANOKA ,MN,5,0,7,1,2,10,0,4,0,0
ANSON ,NC,0,0,0,0,0,2,0,1,0,0
ANTELOPE ,NE,0,0,0,0,0,0,0,2,0,0
ANTRIM ,MI,0,1,0,0,0,2,0,2,0,0
APACHE ,AZ,0,1,0,0,2,9,0,1,1,0
APPANOOSE ,IA,1,0,0,0,3,1,0,1,0,0
APPLING ,GA,0,0,0,0,0,2,0,1,0,0
APPOMATTOX ,VA,0,0,0,0,2,0,0,3,0,0
ARANSAS ,TX,0,1,0,0,3,6,0,2,1,0
ARAPAHOE ,CO,3,0,2,1,6,37,1,2,4,1
ARCHER ,TX,0,0,0,0,1,0,0,1,0,0
ARCHULETA ,CO,1,0,1,0,0,7,0,0,1,0
ARENAC ,MI,0,0,0,0,0,2,0,1,0,0
ARKANSAS ,AR,0,0,0,0,1,1,0,0,0,0
ARLINGTON ,VA,1,0,0,1,1,10,0,1,5,0
ARMSTRONG ,PA,0,0,0,2,1,11,0,0,1,0
ARMSTRONG ,TX,0,0,0,0,1,2,0,0,0,0
AROOSTOOK ,ME,0,0,0,1,0,10,0,0,1,0
ASCENSION ,LA,0,1,0,1,2,4,0,1,2,0
ASHE ,NC,1,0,0,0,2,3,0,3,0,0
ASHLAND ,OH,1,0,0,1,1,5,0,1,0,0
ASHLAND ,WI,2,0,0,0,0,2,0,2,0,0
ASHLEY ,AR,0,1,0,0,1,3,0,0,0,0
ASHTABULA ,OH,1,0,0,2,1,10,0,2,0,0
ASOTIN ,WA,2,1,0,0,2,3,0,1,1,0
ASSUMPTION ,LA,0,2,0,0,1,4,0,1,0,0
ATASCOSA ,TX,0,1,0,0,1,2,0,1,1,0
ATCHISON ,KS,0,0,0,0,2,2,0,0,0,0
ATCHISON ,MO,1,0,0,0,0,0,0,0,0,0
ATHENS ,OH,0,0,0,0,1,8,0,0,1,0
ATKINSON ,GA,0,0,0,0,0,1,0,1,0,0
ATLANTIC ,NJ,0,0,0,2,5,26,0,2,2,0
ATOKA ,OK,0,0,0,0,1,3,0,1,0,0
ATTALA ,MS,0,0,0,0,1,4,0,0,0,0
AUDRAIN ,MO,0,0,0,0,3,3,0,1,0,0
AUDUBON ,IA,0,0,0,0,1,2,0,2,0,0
AUGLAIZE ,OH,0,0,0,0,1,2,0,0,0,0
AUGUSTA ,VA,0,1,0,1,2,5,0,2,0,0
AURORA ,SD,0,0,0,0,1,0,0,1,0,0
AUSTIN ,TX,1,0,0,0,2,7,0,2,0,1
AUTAUGA ,AL,0,0,0,0,2,6,0,1,1,0
AVERY ,NC,0,0,0,0,2,5,0,2,0,0
AVOYELLES ,LA,0,1,0,0,2,4,0,2,0,0
BACA ,CO,0,0,0,0,1,0,0,0,1,0
BACON ,GA,0,0,0,0,0,0,0,1,0,0
BAILEY ,TX,0,0,0,0,1,0,0,0,0,0
BAKER ,FL,0,0,0,0,1,5,0,1,2,0
BAKER ,GA,0,0,0,0,0,0,0,1,0,0
BAKER ,OR,0,0,0,1,1,8,0,1,1,0
BALDWIN ,AL,0,0,1,0,6,22,0,3,2,1
BALDWIN ,GA,0,0,0,0,0,2,0,2,1,0
BALLARD ,KY,0,0,0,0,1,2,0,0,0,0
BALTIMORE ,MD,3,1,3,2,4,28,1,1,3,0
BALTIMORE CITY ,MD,1,1,1,2,1,19,1,2,1,0
BAMBERG ,SC,0,0,0,0,3,6,0,1,0,0
BANDERA ,TX,0,0,0,0,0,3,0,0,1,0
BANKS ,GA,0,0,0,0,0,0,0,3,2,0
BANNOCK ,ID,0,0,1,0,2,10,0,2,1,0
BARAGA ,MI,0,0,0,0,0,0,0,1,0,0
BARBER ,KS,0,0,0,0,1,0,0,1,0,0
BARBOUR ,AL,0,0,0,0,1,3,0,1,0,0
BARBOUR ,WV,0,0,0,0,1,1,0,0,0,0
BARNES ,ND,2,0,0,0,0,0,0,1,0,0
BARNSTABLE ,MA,2,0,0,2,3,29,1,1,5,0
BARNWELL ,SC,0,0,0,0,1,2,0,2,0,0
BARREN ,KY,0,0,1,0,1,3,0,1,0,0
BARRON ,WI,3,0,1,0,1,4,0,2,0,0
BARROW ,GA,0,1,0,0,1,7,0,3,2,0
BARRY ,MI,0,0,0,0,1,2,0,4,0,0
BARRY ,MO,1,0,1,0,2,4,0,3,0,0
BARTHOLOMEW ,IN,2,0,0,1,1,2,0,2,0,0
BARTON ,KS,0,0,0,0,2,0,0,1,0,0
BARTON ,MO,0,0,0,0,1,2,0,1,0,0
BARTOW ,GA,0,0,1,0,1,7,0,3,1,0
BASTROP ,TX,1,1,1,0,2,9,0,2,1,1
BATES ,MO,0,0,0,0,2,3,0,0,0,0
BATH ,KY,0,0,0,0,2,1,0,3,0,0
BATH ,VA,0,0,0,0,2,1,0,0,0,0
BAXTER ,AR,1,0,0,0,6,14,0,2,0,1
BAY ,FL,0,1,0,1,3,21,0,2,1,0
BAY ,MI,1,1,1,0,0,10,0,1,0,0
BAYFIELD ,WI,2,0,0,0,0,4,0,2,1,0
BAYLOR ,TX,0,0,0,0,0,1,0,0,0,0
BEADLE ,SD,0,0,0,0,0,3,0,2,0,0
BEAR LAKE ,ID,0,0,1,0,1,0,0,1,0,0
BEAUFORT ,NC,0,0,0,0,1,4,0,2,0,0
BEAUFORT ,SC,2,0,1,0,4,24,0,3,3,0
BEAUREGARD ,LA,0,0,0,0,1,3,0,3,0,0
BEAVER ,OK,0,0,0,0,0,1,0,0,0,0
BEAVER ,PA,2,0,0,2,1,17,1,1,1,0
BEAVER ,UT,0,0,0,0,1,3,0,2,0,0
BEAVERHEAD ,MT,0,0,0,0,1,1,0,1,1,0
BECKER ,MN,3,0,3,0,0,1,0,2,0,0
BECKHAM ,OK,0,0,0,0,1,2,0,0,0,0
BEDFORD ,PA,0,0,0,1,1,6,0,1,1,0
BEDFORD ,TN,1,1,0,1,1,4,0,2,0,0
BEDFORD ,VA,0,0,0,0,4,7,0,4,0,0
BEE ,TX,0,1,0,0,0,4,0,2,0,0
BELKNAP ,NH,0,0,0,0,0,13,0,0,1,0
BELL ,KY,0,0,0,0,1,5,0,3,0,0
BELL ,TX,1,1,1,0,3,13,0,2,0,1
BELMONT ,OH,1,0,0,1,1,4,0,1,0,1
BELTRAMI ,MN,3,0,2,0,0,3,0,2,0,0
BEN HILL ,GA,0,0,0,0,0,2,0,1,0,0
BENEWAH ,ID,2,0,0,0,0,1,0,1,0,0
BENNINGTON ,VT,0,0,0,0,1,6,1,0,1,0
BENSON ,ND,1,0,0,0,0,1,0,0,0,0
BENT ,CO,1,0,1,0,2,4,0,0,0,0
BENTON ,AR,0,0,1,0,4,14,0,4,2,0
BENTON ,IA,1,0,0,0,0,1,0,4,0,0
BENTON ,IN,1,0,0,0,0,0,0,0,0,0
BENTON ,MN,3,0,3,0,0,2,0,3,0,0
BENTON ,MO,0,0,0,0,4,6,0,1,0,0
BENTON ,MS,0,0,0,0,1,1,0,2,0,0
BENTON ,OR,3,0,3,2,1,14,1,3,0,0
BENTON ,TN,0,0,1,0,1,2,0,2,0,0
BENTON ,WA,2,1,1,0,3,14,0,2,2,0
BENZIE ,MI,0,0,0,0,2,4,0,1,0,0
BERGEN ,NJ,3,1,1,3,6,44,0,2,4,1
BERKELEY ,SC,0,0,0,0,3,14,0,3,0,0
BERKELEY ,WV,1,0,0,0,4,4,0,1,3,0
BERKS ,PA,1,0,0,1,2,30,0,4,7,0
BERKSHIRE ,MA,0,0,0,1,1,13,0,1,1,0
BERNALILLO ,NM,3,1,2,1,5,35,1,3,9,0
BERRIEN ,GA,1,0,0,0,0,1,0,1,0,0
BERRIEN ,MI,0,0,0,0,5,10,0,4,1,0
BERTIE ,NC,0,0,0,0,0,5,0,3,0,0
BEXAR ,TX,5,1,3,2,6,40,1,5,4,1
BIBB ,AL,0,0,0,1,3,5,0,0,0,0
BIBB ,GA,0,0,1,1,2,10,0,1,2,0
BIENVILLE ,LA,0,1,0,0,0,4,0,1,0,0
BIG HORN ,MT,0,0,0,0,0,0,0,1,1,0
BIG HORN ,WY,0,0,0,0,0,3,0,1,0,0
BIG STONE ,MN,3,0,1,0,1,0,0,2,0,0
BINGHAM ,ID,0,0,0,0,1,2,0,2,1,0
BLACK HAWK ,IA,3,0,1,0,2,6,0,2,1,0
BLACKFORD ,IN,0,0,0,0,1,1,0,1,0,0
BLADEN ,NC,0,0,0,0,0,3,0,2,0,0
BLAINE ,ID,2,0,0,0,0,4,0,1,0,0
BLAINE ,MT,0,0,0,0,0,2,0,1,0,0
BLAINE ,NE,0,0,0,0,0,0,0,1,0,0
BLAINE ,OK,0,0,0,0,1,1,0,1,0,0
BLAIR ,PA,1,0,0,1,1,10,0,1,1,0
BLANCO ,TX,1,0,0,0,0,3,0,0,0,0
BLAND ,VA,0,0,0,0,1,0,0,1,0,0
BLECKLEY ,GA,0,0,0,0,0,0,0,1,0,0
BLEDSOE ,TN,1,0,1,0,1,3,0,2,0,0
BLOUNT ,AL,0,0,0,1,2,3,0,0,1,0
BLOUNT ,TN,1,0,0,0,4,11,0,2,0,0
BLUE EARTH ,MN,3,0,2,0,0,7,0,3,1,0
BOISE ,ID,1,0,0,0,0,3,0,1,0,0
BOLIVAR ,MS,0,0,0,0,2,1,0,0,0,0
BOLLINGER ,MO,0,0,0,0,2,2,0,1,0,0
BON HOMME ,SD,0,0,0,0,0,0,0,1,0,0
BOND ,IL,0,0,1,1,3,3,0,0,0,0
BONNER ,ID,3,0,0,0,0,11,0,2,2,0
BONNEVILLE ,ID,2,0,1,0,2,7,0,2,1,0
BOONE ,AR,0,1,0,0,3,4,0,3,0,0
BOONE ,IA,1,0,1,0,1,1,0,5,0,0
BOONE ,IL,0,0,0,1,1,4,0,3,0,0
BOONE ,IN,2,1,0,1,2,6,0,2,2,0
BOONE ,KY,1,0,1,1,2,11,0,3,2,0
BOONE ,MO,0,0,1,0,6,11,0,2,0,0
BOONE ,NE,0,0,0,0,1,0,0,2,0,0
BOONE ,WV,0,0,0,0,2,1,0,0,0,0
BOSQUE ,TX,1,0,0,0,1,3,0,1,0,0
BOSSIER ,LA,0,1,0,1,3,5,0,1,1,0
BOTETOURT ,VA,0,0,0,1,3,3,0,4,0,0
BOTTINEAU ,ND,1,0,0,0,0,1,0,0,0,0
BOULDER ,CO,5,0,1,0,4,26,1,3,3,0
BOUNDARY ,ID,1,0,0,0,1,4,0,2,0,0
BOURBON ,KS,0,0,0,0,1,1,0,0,0,0
BOURBON ,KY,1,0,0,0,1,1,0,2,0,0
BOWIE ,TX,0,0,2,0,2,6,0,1,1,0
BOX BUTTE ,NE,0,0,0,0,1,1,0,2,0,0
BOX ELDER ,UT,0,0,0,0,3,1,0,3,0,0
BOYD ,KY,0,0,0,0,3,1,0,2,0,0
BOYD ,NE,0,0,0,0,0,0,0,1,0,0
BOYLE ,KY,0,0,0,1,1,0,0,2,0,0
BRACKEN ,KY,0,0,0,0,2,2,0,1,2,0
BRADFORD ,FL,0,0,0,0,2,3,0,0,0,0
BRADFORD ,PA,0,0,0,0,2,6,0,4,0,0
BRADLEY ,AR,0,0,0,0,1,1,0,0,0,0
BRADLEY ,TN,0,0,0,0,3,8,0,2,0,1
BRANCH ,MI,0,0,0,0,2,3,0,2,0,0
BRANTLEY ,GA,0,0,0,0,2,1,0,1,0,0
BRAXTON ,WV,1,0,0,0,2,1,0,0,0,0
BRAZORIA ,TX,1,1,0,0,4,14,0,2,0,1
BRAZOS ,TX,1,1,0,0,2,7,0,2,0,1
BREATHITT ,KY,0,0,0,0,1,1,0,1,0,0
BRECKINRIDGE ,KY,0,0,0,0,0,2,0,2,0,0
BREMER ,IA,1,0,0,0,1,2,0,1,0,0
BREVARD ,FL,5,1,4,2,8,63,0,2,3,1
BREWSTER ,TX,1,0,0,0,1,1,0,0,0,0
BRISCOE ,TX,0,0,0,0,2,0,0,0,0,0
BRISTOL ,MA,0,0,1,1,4,31,0,1,3,0
BRISTOL ,RI,1,0,0,0,0,9,0,0,1,0
BRISTOL ,VA,0,0,0,0,1,3,0,2,0,0
BROADWATER ,MT,0,0,0,0,1,1,0,2,1,0
BRONX ,NY,3,1,3,6,5,40,1,2,10,2
BROOKE ,WV,1,0,0,2,2,1,0,1,1,0
BROOKINGS ,SD,0,0,0,0,0,1,0,2,0,0
BROOKS ,GA,0,0,0,0,0,2,0,1,0,0
BROOKS ,TX,0,0,0,0,0,2,0,0,0,0
BROOME ,NY,1,0,1,1,3,14,0,3,2,0
BROOMFIELD ,CO,1,0,0,0,3,8,1,1,1,0
BROWARD ,FL,12,1,4,7,7,95,1,7,14,4
BROWN ,IL,0,0,0,0,1,0,0,1,0,0
BROWN ,IN,1,0,0,1,0,3,0,2,0,0
BROWN ,KS,0,0,0,0,2,3,0,0,0,0
BROWN ,MN,2,0,0,0,0,3,0,2,0,0
BROWN ,NE,0,0,0,0,0,0,0,1,1,0
BROWN ,OH,0,0,0,1,3,5,0,1,3,0
BROWN ,SD,1,0,1,0,1,3,0,1,0,0
BROWN ,TX,1,0,0,0,3,3,0,1,0,0
BROWN ,WI,2,1,0,0,3,11,0,3,1,0
BRUNSWICK ,NC,1,0,2,1,2,13,0,4,1,0
BRUNSWICK ,VA,1,0,0,0,1,3,0,3,0,0
BRYAN ,GA,0,0,0,0,1,4,0,2,0,0
BRYAN ,OK,0,0,0,0,3,1,0,2,0,0
BUCHANAN ,IA,1,0,0,0,1,1,0,1,0,0
BUCHANAN ,MO,0,0,0,0,2,5,0,0,0,0
BUCHANAN ,VA,0,0,0,0,1,2,0,0,0,0
BUCKINGHAM ,VA,0,0,0,0,2,3,0,2,0,0
BUCKS ,PA,1,1,1,3,4,39,0,2,7,0
BUENA VISTA ,IA,1,0,0,0,1,1,0,2,0,0
BUENA VISTA CITY ,VA,0,0,0,0,1,2,0,3,0,0
BUFFALO ,NE,0,0,0,0,2,2,0,3,0,0
BUFFALO ,WI,0,0,0,0,0,2,0,3,0,0
BULLITT ,KY,0,0,0,1,2,3,0,2,1,0
BULLOCH ,GA,0,0,0,0,0,4,0,1,1,0
BULLOCK ,AL,0,0,0,0,0,6,0,1,0,0
BUNCOMBE ,NC,3,0,0,0,5,14,0,4,0,1
BUREAU ,IL,1,0,1,1,2,0,0,2,0,0
BURKE ,GA,0,0,0,0,0,3,0,2,0,0
BURKE ,NC,0,0,1,0,1,4,0,3,0,0
BURKE ,ND,0,0,0,0,0,1,0,1,0,0
BURLEIGH ,ND,1,0,1,0,0,2,0,1,0,0
BURLESON ,TX,1,0,0,0,2,4,0,1,1,1
BURLINGTON ,NJ,1,0,1,3,5,32,1,1,4,1
BURNET ,TX,1,1,0,0,2,7,0,1,1,0
BURNETT ,WI,2,0,1,0,1,5,0,3,0,0
BURT ,NE,0,0,0,0,1,2,0,1,0,0
BUTLER ,AL,0,0,0,0,0,2,0,0,1,0
BUTLER ,IA,1,0,0,0,0,1,0,1,0,0
BUTLER ,KS,0,0,0,0,4,1,1,2,0,0
BUTLER ,KY,0,0,0,0,1,0,0,1,0,0
BUTLER ,MO,0,0,0,0,3,3,0,1,0,0
BUTLER ,NE,0,0,0,0,0,0,0,3,0,0
BUTLER ,OH,0,1,2,2,3,15,1,1,2,0
BUTLER ,PA,2,0,0,3,1,14,0,1,2,0
BUTTE ,CA,3,1,3,1,2,13,1,3,0,0
BUTTE ,ID,0,0,0,0,1,0,0,1,0,0
BUTTE ,SD,0,0,0,0,0,2,0,2,0,0
BUTTS ,GA,0,0,0,0,0,2,0,2,1,0
CABARRUS ,NC,1,1,0,1,1,9,0,1,1,0
CABELL ,WV,0,0,0,0,2,5,0,1,2,0
CACHE ,UT,1,0,1,0,3,6,1,3,0,0
CADDO ,LA,1,1,1,0,4,6,0,2,0,0
CADDO ,OK,0,0,0,0,1,4,0,1,0,0
CALAVERAS ,CA,3,1,0,0,4,11,0,0,0,0
CALCASIEU ,LA,0,0,0,1,2,10,0,3,0,1
CALDWELL ,KY,1,0,0,0,2,2,0,1,0,0
CALDWELL ,LA,0,0,0,0,1,2,0,0,0,0
CALDWELL ,MO,0,0,0,0,1,3,0,1,0,0
CALDWELL ,NC,0,0,0,0,2,6,0,3,0,0
CALDWELL ,TX,1,1,0,0,0,4,0,1,1,0
CALEDONIA ,VT,0,0,0,0,0,2,1,2,0,0
CALHOUN ,AL,0,0,0,0,2,8,0,0,2,0
CALHOUN ,AR,0,0,0,0,1,1,0,1,0,0
CALHOUN ,FL,1,0,0,0,1,2,0,0,0,0
CALHOUN ,GA,0,0,0,0,0,1,0,1,0,0
CALHOUN ,IA,0,0,0,0,1,1,0,2,0,0
CALHOUN ,IL,0,0,0,0,1,0,0,1,0,0
CALHOUN ,MI,0,0,0,0,4,8,0,3,1,0
CALHOUN ,MS,0,0,0,0,1,2,0,1,0,0
CALHOUN ,SC,0,0,0,0,2,2,1,1,0,0
CALHOUN ,TX,1,0,0,0,0,3,0,1,0,0
CALHOUN ,WV,0,0,0,0,1,0,0,0,0,0
CALLAHAN ,TX,0,1,0,0,1,3,0,1,0,0
CALLAWAY ,MO,0,0,0,0,5,5,0,1,0,0
CALLOWAY ,KY,0,0,0,0,4,4,0,0,1,0
CALUMET ,WI,1,0,0,0,0,1,0,3,1,0
CALVERT ,MD,2,1,0,1,1,8,1,1,1,0
CAMBRIA ,PA,1,0,0,2,1,9,1,0,1,0
CAMDEN ,GA,0,0,0,0,0,7,0,3,0,0
CAMDEN ,MO,0,0,1,0,7,11,0,2,1,0
CAMDEN ,NC,0,1,0,0,0,0,0,1,0,0
CAMDEN ,NJ,0,1,1,2,3,30,1,0,3,0
CAMERON ,LA,0,0,0,0,0,1,0,1,0,0
CAMERON ,PA,0,0,0,0,1,0,0,2,1,0
CAMERON ,TX,7,2,0,0,6,20,0,2,0,2
CAMP ,TX,0,0,0,0,1,0,0,2,0,0
CAMPBELL ,KY,0,0,0,1,3,4,0,2,2,0
CAMPBELL ,SD,0,0,0,0,0,0,0,1,0,0
CAMPBELL ,TN,0,0,0,0,1,6,0,2,0,0
CAMPBELL ,VA,0,0,0,0,2,2,0,4,0,0
CAMPBELL ,WY,1,0,0,0,0,4,0,1,0,0
CANADIAN ,OK,1,0,0,0,2,11,0,1,1,0
CANDLER ,GA,0,0,0,0,0,0,0,2,0,0
CANNON ,TN,0,0,0,2,0,2,0,1,0,0
CANYON ,ID,2,0,3,0,3,17,0,2,4,1
CAPE GIRARDEAU ,MO,0,0,0,0,3,7,0,0,0,0
CAPE MAY ,NJ,1,0,0,3,3,20,0,0,2,0
CARBON ,MT,0,0,0,0,2,2,0,1,0,0
CARBON ,PA,0,0,0,1,1,10,0,2,2,0
CARBON ,UT,1,0,0,0,2,1,0,1,0,0
CARBON ,WY,1,0,0,0,3,2,0,0,1,0
CARIBOU ,ID,0,0,0,0,1,4,0,1,1,0
CARLISLE ,KY,0,0,0,0,1,0,0,0,0,0
CARLTON ,MN,3,0,3,0,0,4,0,3,0,0
CAROLINE ,MD,1,0,0,1,0,2,1,0,1,0
CAROLINE ,VA,1,0,0,0,2,2,0,3,0,0
CARROLL ,AR,0,0,0,0,2,4,0,3,0,0
CARROLL ,GA,1,1,0,0,2,7,0,3,1,0
CARROLL ,IA,1,0,0,0,0,1,0,4,0,0
CARROLL ,IL,3,0,0,0,0,1,0,3,0,0
CARROLL ,IN,1,0,0,0,1,2,0,0,0,0
CARROLL ,KY,0,0,0,0,0,0,0,1,0,0
CARROLL ,MD,2,0,0,2,2,9,0,0,4,0
CARROLL ,MO,0,0,1,0,3,1,0,1,0,0
CARROLL ,MS,0,0,0,0,1,1,0,0,0,0
CARROLL ,NH,0,0,0,1,1,9,0,1,1,0
CARROLL ,OH,0,0,0,2,2,8,0,2,1,0
CARROLL ,TN,0,0,0,0,3,2,0,2,0,0
CARROLL ,VA,0,0,0,0,1,3,0,4,0,0
CARSON ,TX,0,1,0,0,1,0,0,0,0,0
CARSON CITY ,NV,2,0,1,0,2,10,0,1,1,0
CARTER ,KY,0,0,0,0,2,1,0,1,0,0
CARTER ,MO,0,0,0,0,1,0,0,1,0,0
CARTER ,OK,0,0,0,0,1,8,0,0,0,0
CARTER ,TN,1,0,0,1,2,5,0,2,0,0
CARTERET ,NC,3,0,0,0,2,10,0,1,0,0
CARVER ,MN,4,0,5,0,0,5,0,3,0,0
CASCADE ,MT,0,0,1,0,3,4,0,2,1,0
CASEY ,KY,0,0,0,0,1,0,0,3,0,0
CASS ,IA,0,0,0,0,1,2,0,1,0,0
CASS ,IL,0,0,0,1,2,2,0,3,0,0
CASS ,IN,2,0,0,0,2,2,0,3,0,0
CASS ,MI,0,0,0,0,1,2,0,5,1,0
CASS ,MN,3,0,2,0,1,8,0,3,1,0
CASS ,MO,0,0,0,1,4,9,0,2,2,0
CASS ,ND,2,0,3,0,0,7,0,2,0,0
CASS ,NE,0,0,0,0,1,2,0,3,0,0
CASS ,TX,0,1,0,0,2,3,0,3,0,1
CASSIA ,ID,0,0,0,0,3,4,0,2,0,0
CASWELL ,NC,0,0,0,0,1,2,0,3,1,0
CATAHOULA ,LA,0,1,0,0,0,2,0,0,0,0
CATAWBA ,NC,0,0,1,0,1,10,0,4,1,0
CATOOSA ,GA,0,0,0,0,1,6,0,3,0,0
CATRON ,NM,0,0,0,0,1,4,0,0,1,0
CATTARAUGUS ,NY,0,0,0,1,3,11,0,1,2,0
CAVALIER ,ND,0,0,0,0,0,2,0,1,0,0
CAYUGA ,NY,1,0,1,0,0,7,1,1,1,0
CECIL ,MD,1,0,0,2,1,5,0,0,1,0
CEDAR ,IA,1,0,0,0,0,1,0,3,0,0
CEDAR ,MO,0,0,0,0,2,5,0,1,1,0
CEDAR ,NE,0,0,0,0,1,0,0,2,0,0
CENTRE ,PA,1,1,0,1,1,14,0,4,2,0
CERRO GORDO ,IA,1,0,0,1,0,1,0,5,0,1
CHAFFEE ,CO,1,0,0,0,5,5,0,1,1,0
CHAMBERS ,AL,0,0,0,0,1,6,0,1,0,0
CHAMBERS ,TX,0,1,0,0,1,4,0,1,1,1
CHAMPAIGN ,IL,2,0,0,0,3,14,0,2,1,0
CHAMPAIGN ,OH,0,0,0,0,1,4,0,2,0,0
CHARITON ,MO,0,0,0,0,2,2,0,0,0,0
CHARLES ,MD,1,0,1,1,1,13,0,0,2,0
CHARLES CITY ,VA,0,0,0,0,1,0,0,1,1,0
CHARLESTON ,SC,2,0,0,0,3,21,0,3,0,0
CHARLEVOIX ,MI,0,0,1,0,0,5,0,2,0,0
CHARLOTTE ,FL,6,1,2,5,6,41,0,2,7,0
CHARLOTTE ,VA,0,0,0,0,0,2,0,2,0,0
CHARLOTTESVILLE CITY ,VA,1,0,0,0,3,3,0,0,1,0
CHARLTON ,GA,0,0,0,0,0,3,0,1,0,0
CHASE ,KS,0,0,0,0,1,0,0,0,1,0
CHASE ,NE,0,0,0,0,1,0,0,1,0,0
CHATHAM ,GA,1,0,3,1,4,15,0,3,3,1
CHATHAM ,NC,0,0,0,1,3,8,0,3,1,0
CHATTAHOOCHEE ,GA,0,0,0,0,0,0,0,2,0,0
CHATTOOGA ,GA,0,0,0,0,0,0,0,1,0,0
CHAUTAUQUA ,KS,0,0,0,0,2,0,1,0,0,0
CHAUTAUQUA ,NY,1,1,0,1,2,18,0,2,3,0
CHAVES ,NM,0,0,2,0,3,10,0,1,1,0
CHEATHAM ,TN,0,0,0,1,1,4,0,2,0,0
CHEBOYGAN ,MI,0,1,0,0,1,6,0,2,0,0
CHELAN ,WA,2,0,1,1,1,12,0,2,0,0
CHEMUNG ,NY,0,0,0,0,1,6,0,1,1,0
CHENANGO ,NY,0,0,1,1,1,6,0,1,1,0
CHEROKEE ,AL,0,0,0,0,1,3,0,2,0,0
CHEROKEE ,GA,0,0,1,0,3,18,0,1,3,0
CHEROKEE ,IA,0,0,0,0,1,0,0,3,0,0
CHEROKEE ,KS,1,0,0,0,1,2,0,0,0,0
CHEROKEE ,NC,0,0,0,0,1,11,0,2,1,0
CHEROKEE ,OK,0,0,0,0,0,6,0,1,0,0
CHEROKEE ,SC,0,0,0,0,2,3,0,3,0,0
CHEROKEE ,TX,1,0,0,0,2,3,0,2,0,0
CHERRY ,NE,0,0,0,0,0,0,0,1,0,0
CHESAPEAKE CITY ,VA,1,0,0,1,1,13,0,4,1,0
CHESHIRE ,NH,0,0,0,1,0,8,0,0,2,0
CHESTER ,PA,1,0,0,3,1,29,0,1,6,1
CHESTER ,SC,0,0,0,0,1,1,0,2,0,0
CHESTER ,TN,0,0,0,0,3,1,0,2,1,0
CHESTERFIELD ,SC,0,0,0,0,1,1,0,2,0,0
CHESTERFIELD ,VA,2,0,1,1,4,17,0,5,4,0
CHEYENNE ,CO,1,0,0,0,1,0,0,0,0,0
CHEYENNE ,KS,0,0,0,0,0,2,0,0,0,0
CHEYENNE ,NE,0,0,0,0,1,0,0,1,0,0
CHICKASAW ,IA,1,0,0,0,0,0,0,3,0,0
CHICKASAW ,MS,0,0,0,0,1,1,0,1,0,0
CHICOT ,AR,1,0,0,0,1,2,0,0,0,0
CHILDRESS ,TX,0,0,0,0,0,1,0,0,0,0
CHILTON ,AL,0,0,0,1,1,6,0,0,1,0
CHIPPEWA ,MI,0,0,0,0,1,3,0,1,0,0
CHIPPEWA ,MN,2,0,1,0,0,3,0,2,0,0
CHIPPEWA ,WI,0,0,1,0,0,4,0,2,0,0
CHISAGO ,MN,4,0,6,0,0,4,0,3,0,0
CHITTENDEN ,VT,0,0,0,1,1,13,0,1,0,0
CHOCTAW ,AL,0,0,0,0,1,3,0,1,0,0
CHOCTAW ,MS,0,0,0,0,0,2,0,1,0,0
CHOCTAW ,OK,0,0,0,0,2,1,0,1,0,0
CHOUTEAU ,MT,0,0,0,0,0,0,0,1,0,0
CHOWAN ,NC,1,0,0,0,1,1,0,3,0,0
CHRISTIAN ,IL,0,0,0,0,3,2,0,1,1,0
CHRISTIAN ,KY,1,0,0,0,3,9,0,2,0,0
CHRISTIAN ,MO,1,0,1,0,3,8,0,3,0,0
CHURCHILL ,NV,1,0,2,0,2,8,0,0,0,0
CIBOLA ,NM,0,0,0,1,2,3,0,2,1,0
CIMARRON ,OK,0,0,0,0,0,1,0,0,0,0
CITRUS ,FL,4,1,2,3,6,38,0,2,4,1
CLACKAMAS ,OR,3,0,3,1,2,29,1,4,7,0
CLAIBORNE ,LA,0,1,0,0,2,5,0,1,0,0
CLAIBORNE ,MS,0,0,0,0,1,2,0,0,0,0
CLAIBORNE ,TN,0,0,0,0,1,6,0,2,0,0
CLALLAM ,WA,1,0,0,0,2,13,1,3,2,0
CLARE ,MI,0,0,0,0,1,3,0,0,0,0
CLARENDON ,SC,0,1,0,1,3,4,0,3,2,0
CLARION ,PA,1,0,0,0,2,5,0,1,1,0
CLARK ,AR,1,1,0,0,2,2,0,2,0,0
CLARK ,IL,0,0,0,0,1,2,0,2,0,0
CLARK ,IN,1,0,0,0,2,11,0,1,3,0
CLARK ,KS,0,0,0,0,1,0,0,0,0,0
CLARK ,KY,0,0,0,0,1,1,0,3,1,0
CLARK ,MO,1,0,0,0,1,1,0,0,0,0
CLARK ,NV,11,2,4,7,10,79,1,4,12,3
CLARK ,OH,0,0,0,2,2,13,0,1,1,0
CLARK ,SD,0,0,0,0,0,1,0,1,0,0
CLARK ,WA,2,0,3,1,3,23,1,4,4,0
CLARK ,WI,0,0,0,0,0,2,0,2,0,0
CLARKE ,AL,0,0,0,0,1,6,0,0,0,0
CLARKE ,GA,0,0,0,0,2,8,0,4,2,0
CLARKE ,IA,1,0,0,0,0,1,0,4,0,0
CLARKE ,MS,0,0,0,0,1,3,0,0,0,0
CLARKE ,VA,1,0,0,0,0,0,0,1,0,0
CLATSOP ,OR,2,0,2,1,1,9,0,1,0,0
CLAY ,AL,0,0,0,0,0,4,0,0,0,0
CLAY ,AR,0,0,0,0,2,1,0,1,0,0
CLAY ,FL,0,1,0,0,4,27,1,1,3,0
CLAY ,GA,0,0,0,0,1,0,0,2,0,0
CLAY ,IA,1,0,0,0,1,1,0,3,0,0
CLAY ,IL,0,0,0,0,3,1,0,1,0,0
CLAY ,IN,1,0,0,0,1,0,0,1,0,0
CLAY ,KS,0,0,0,0,1,0,0,2,0,0
CLAY ,KY,0,0,0,0,1,1,0,2,0,0
CLAY ,MN,3,0,2,0,0,4,0,3,0,0
CLAY ,MO,1,1,0,1,4,13,0,1,2,0
CLAY ,MS,0,0,0,0,2,5,0,1,0,0
CLAY ,NC,0,0,0,0,1,2,0,1,0,0
CLAY ,NE,0,0,0,0,1,0,0,2,0,0
CLAY ,SD,0,0,0,0,1,1,0,2,0,0
CLAY ,TN,0,0,0,0,0,1,0,2,0,0
CLAY ,TX,0,0,0,0,0,1,0,0,0,0
CLAY ,WV,0,0,0,0,1,1,0,0,0,0
CLAYTON ,GA,0,0,2,0,2,23,0,2,1,0
CLAYTON ,IA,2,0,0,0,1,1,0,3,0,0
CLEAR CREEK ,CO,1,0,0,0,0,3,1,1,1,0
CLEARFIELD ,PA,0,0,0,0,1,8,0,1,1,0
CLEARWATER ,ID,1,0,0,0,1,3,0,1,1,0
CLEARWATER ,MN,3,0,0,0,0,2,0,2,0,0
CLEBURNE ,AL,0,0,0,0,0,3,0,0,0,0
CLEBURNE ,AR,0,0,0,0,3,2,0,1,0,0
CLERMONT ,OH,1,0,0,1,2,10,1,1,2,0
CLEVELAND ,AR,0,0,0,0,1,2,0,0,0,0
CLEVELAND ,NC,0,0,0,0,1,7,0,1,1,0
CLEVELAND ,OK,0,0,0,0,3,11,0,2,0,0
CLINCH ,GA,0,0,0,0,0,0,0,1,0,0
CLINTON ,IA,2,0,0,0,3,6,0,3,0,0
CLINTON ,IL,1,0,0,0,3,7,0,2,0,0
CLINTON ,IN,2,0,0,0,0,2,0,1,0,0
CLINTON ,KY,0,0,0,0,2,1,0,0,0,0
CLINTON ,MI,0,0,0,1,2,1,0,1,0,0
CLINTON ,MO,0,0,0,0,3,5,0,1,0,0
CLINTON ,NY,1,0,0,0,1,8,0,1,1,0
CLINTON ,OH,0,0,0,2,1,6,0,1,1,0
CLINTON ,PA,0,0,0,0,1,3,0,4,0,0
CLOUD ,KS,0,0,0,0,2,0,0,0,0,0
COAHOMA ,MS,0,0,0,0,1,5,0,0,0,0
COAL ,OK,0,0,1,0,1,1,0,0,0,0
COBB ,GA,1,1,2,2,5,36,0,1,6,0
COCHISE ,AZ,2,1,1,1,5,22,0,4,2,0
COCHRAN ,TX,0,0,0,0,1,0,0,0,0,0
COCKE ,TN,0,0,0,1,2,3,0,2,1,0
COCONINO ,AZ,1,1,0,0,4,20,0,3,1,0
CODINGTON ,SD,1,0,0,0,0,2,0,3,0,0
COFFEE ,AL,2,0,0,0,1,4,0,1,0,0
COFFEE ,GA,1,1,0,0,0,3,0,1,0,0
COFFEE ,TN,0,0,0,1,2,5,0,2,0,0
COFFEY ,KS,0,0,0,0,2,1,0,1,0,0
COKE ,TX,0,0,0,0,1,0,0,1,0,0
COLBERT ,AL,0,0,0,0,1,2,0,0,0,0
COLE ,MO,0,0,0,0,2,3,0,0,0,0
COLEMAN ,TX,0,1,1,0,2,0,0,1,0,0
COLES ,IL,0,0,0,0,4,3,0,3,1,0
COLFAX ,NE,0,0,0,0,1,0,0,1,0,0
COLFAX ,NM,0,0,1,0,2,4,0,2,3,0
COLLETON ,SC,0,0,0,0,1,1,0,4,1,0
COLLIER ,FL,7,1,1,5,5,63,0,5,6,2
COLLIN ,TX,6,1,3,0,6,28,0,4,2,1
COLONIAL HEIGHTS CIT ,VA,1,0,0,0,1,1,0,1,0,0
COLORADO ,TX,0,1,0,0,1,3,0,1,0,1
COLQUITT ,GA,0,1,1,0,1,3,0,1,1,0
COLUMBIA ,AR,0,0,1,0,0,2,0,0,0,0
COLUMBIA ,FL,1,1,1,1,3,12,0,2,1,0
COLUMBIA ,GA,1,0,0,0,4,13,0,3,1,0
COLUMBIA ,NY,0,0,0,2,0,12,0,3,2,0
COLUMBIA ,OR,2,0,1,1,1,13,1,3,1,0
COLUMBIA ,PA,0,0,0,0,0,7,0,3,0,0
COLUMBIA ,WA,0,0,0,1,1,2,0,1,0,0
COLUMBIA ,WI,4,0,1,0,1,2,0,3,1,0
COLUMBIANA ,OH,1,0,0,4,2,19,0,0,0,0
COLUMBUS ,NC,1,0,1,0,0,9,0,1,0,0
COLUSA ,CA,1,1,2,0,0,3,0,0,0,0
COMAL ,TX,1,1,1,0,3,7,0,2,1,1
COMANCHE ,KS,0,0,0,0,1,0,0,0,0,0
COMANCHE ,OK,0,1,0,0,2,8,0,1,0,1
COMANCHE ,TX,1,0,0,0,1,3,0,1,0,0
CONCHO ,TX,0,0,0,0,0,0,0,1,0,0
CONCORDIA ,LA,0,1,0,0,3,3,0,0,0,0
CONECUH ,AL,0,0,0,0,0,4,0,0,0,0
CONEJOS ,CO,2,0,0,0,1,3,0,0,0,0
CONTRA COSTA ,CA,7,1,3,2,6,45,3,4,3,1
CONVERSE ,WY,0,0,1,0,1,3,0,0,1,0
CONWAY ,AR,0,0,0,0,1,1,0,1,0,0
COOK ,GA,0,0,0,0,0,3,0,1,0,0
COOK ,IL,10,2,3,4,11,87,0,7,9,3
COOK ,MN,2,0,2,0,0,3,0,3,0,0
COOKE ,TX,1,0,1,0,1,4,0,2,0,0
COOPER ,MO,0,0,0,0,1,0,0,2,0,0
COOS ,NH,0,0,0,0,0,4,0,0,1,0
COOS ,OR,2,0,2,1,4,14,0,1,0,0
COOSA ,AL,0,0,0,0,0,3,0,0,1,0
COPIAH ,MS,1,0,0,0,1,3,0,1,0,0
CORTLAND ,NY,0,1,0,0,0,4,0,1,1,0
CORYELL ,TX,1,0,1,0,1,4,0,2,0,1
COSHOCTON ,OH,1,0,0,0,1,5,0,1,1,0
COSTILLA ,CO,2,0,0,1,0,1,0,1,1,0
COTTONWOOD ,MN,2,0,1,0,0,2,0,2,0,0
COVINGTON ,AL,0,0,0,0,0,7,0,1,0,0
COVINGTON ,MS,0,0,0,0,1,4,0,0,0,0
COVINGTON CITY ,VA,1,0,0,0,2,0,0,2,0,0
COWETA ,GA,3,0,1,0,1,10,0,3,1,0
COWLEY ,KS,0,0,0,0,2,4,0,1,2,0
COWLITZ ,WA,2,0,1,1,2,16,0,2,2,0
CRAIG ,OK,0,0,0,0,1,4,0,2,0,0
CRAIG ,VA,0,0,0,0,2,0,0,1,0,0
CRAIGHEAD ,AR,0,0,0,0,2,7,0,1,0,0
CRAVEN ,NC,1,0,0,0,1,16,1,2,0,0
CRAWFORD ,AR,0,0,0,0,4,6,0,3,0,1
CRAWFORD ,GA,0,0,0,0,0,0,0,1,0,0
CRAWFORD ,IA,0,0,0,0,0,2,0,3,0,0
CRAWFORD ,IL,0,0,0,0,2,0,0,2,0,0
CRAWFORD ,IN,0,0,0,0,1,0,0,0,0,0
CRAWFORD ,KS,1,0,0,0,2,2,1,1,1,0
CRAWFORD ,MI,0,0,0,0,0,5,0,1,0,0
CRAWFORD ,MO,0,0,0,1,4,6,0,1,0,0
CRAWFORD ,OH,0,0,0,0,2,2,0,0,1,0
CRAWFORD ,PA,2,0,0,1,2,8,0,1,2,0
CRAWFORD ,WI,2,0,2,0,0,3,0,3,0,0
CREEK ,OK,1,0,0,1,1,5,0,2,0,0
CRENSHAW ,AL,0,0,0,0,0,4,0,0,0,0
CRISP ,GA,0,0,0,0,0,5,0,3,0,0
CRITTENDEN ,AR,0,0,1,0,2,6,0,1,0,1
CRITTENDEN ,KY,1,0,0,0,2,0,0,1,0,0
CROCKETT ,TN,0,0,0,0,2,2,0,1,0,0
CROCKETT ,TX,0,0,0,0,0,0,0,1,0,0
CROOK ,OR,0,0,1,1,2,11,0,1,0,0
CROOK ,WY,0,0,0,0,1,1,0,0,0,0
CROSBY ,TX,0,0,0,0,1,2,0,0,0,0
CROSS ,AR,0,0,0,0,1,1,0,1,0,0
CROW WING ,MN,3,0,5,0,0,9,0,4,1,0
CROWLEY ,CO,1,0,0,0,0,2,0,0,0,0
CULBERSON ,TX,0,0,0,0,0,2,0,0,0,0
CULLMAN ,AL,0,0,0,0,2,8,0,1,0,0
CULPEPER ,VA,1,0,0,0,1,6,0,3,0,0
CUMBERLAND ,IL,0,0,0,0,1,1,0,2,1,0
CUMBERLAND ,KY,0,0,0,0,0,1,0,1,0,0
CUMBERLAND ,ME,1,0,1,2,2,13,1,2,2,0
CUMBERLAND ,NC,1,1,0,2,4,26,0,3,2,0
CUMBERLAND ,NJ,0,0,1,2,1,19,0,0,2,0
CUMBERLAND ,PA,0,0,0,1,2,19,0,3,3,0
CUMBERLAND ,TN,1,0,0,1,4,14,0,2,0,0
CUMBERLAND ,VA,0,0,0,1,1,0,0,3,0,0
CUMING ,NE,0,0,0,0,0,1,0,3,0,0
CURRITUCK ,NC,0,0,0,0,0,4,0,2,0,0
CURRY ,NM,0,0,1,0,3,3,0,1,1,0
CURRY ,OR,3,0,1,1,2,12,0,0,0,0
CUSTER ,CO,1,0,0,0,0,4,0,0,1,0
CUSTER ,ID,0,0,0,0,1,2,0,1,0,0
CUSTER ,MT,0,0,0,0,0,0,0,1,0,0
CUSTER ,NE,0,0,0,0,1,0,0,3,0,0
CUSTER ,OK,0,0,0,0,1,3,0,1,0,0
CUSTER ,SD,0,0,0,0,0,4,0,2,0,0
CUYAHOGA ,OH,4,0,3,4,2,53,2,2,7,0
DADE ,GA,0,0,0,0,0,4,0,2,0,0
DADE ,MO,0,0,0,0,0,4,0,2,0,0
DAGGETT ,UT,0,0,0,0,0,1,0,2,0,0
DAKOTA ,MN,3,0,7,1,0,16,0,4,1,0
DAKOTA ,NE,0,0,0,0,0,1,0,2,0,0
DALE ,AL,0,0,0,1,1,5,0,0,0,0
DALLAM ,TX,0,0,0,0,2,1,0,0,0,0
DALLAS ,AL,0,0,0,0,1,5,0,0,0,0
DALLAS ,IA,1,1,0,0,0,2,0,4,1,0
DALLAS ,MO,0,0,0,0,0,3,0,3,1,0
DALLAS ,TX,5,3,2,0,5,42,0,4,2,1
DANE ,WI,5,0,3,0,5,16,1,4,1,0
DANIELS ,MT,0,0,0,0,0,1,0,0,0,0
DANVILLE CITY ,VA,0,0,0,0,1,4,0,4,0,0
DARE ,NC,1,0,0,0,0,3,0,1,0,0
DARKE ,OH,0,0,0,1,2,4,0,1,1,0
DARLINGTON ,SC,0,0,0,0,0,5,0,2,1,0
DAUPHIN ,PA,0,0,1,2,3,21,0,4,5,0
DAVIDSON ,NC,1,0,1,1,1,6,0,3,1,0
DAVIDSON ,TN,1,1,2,1,4,30,0,3,4,0
DAVIE ,NC,0,0,0,1,1,4,0,3,0,0
DAVIESS ,IN,2,0,0,0,1,3,0,0,0,0
DAVIESS ,KY,1,0,0,0,4,2,1,2,0,0
DAVIESS ,MO,0,0,0,0,0,5,0,0,0,0
DAVIS ,IA,1,0,0,0,0,0,0,1,0,0
DAVIS ,UT,2,0,1,0,3,10,0,4,2,0
DAVISON ,SD,0,0,0,0,0,1,0,1,0,0
DAWES ,NE,0,0,0,0,1,2,0,1,0,0
DAWSON ,GA,0,0,0,0,0,2,0,2,1,0
DAWSON ,MT,0,0,0,0,0,1,0,2,0,0
DAWSON ,NE,0,0,0,0,1,3,0,2,0,0
DAWSON ,TX,0,0,0,0,1,1,0,0,0,0
DAY ,SD,1,0,0,0,0,2,0,3,0,0
DE BACA ,NM,0,0,0,0,2,1,0,0,1,0
DE KALB ,AL,0,0,0,0,4,6,0,1,1,0
DE KALB ,IN,0,0,0,0,3,1,0,4,0,0
DE SOTO ,FL,4,1,0,1,2,9,0,2,2,0
DE SOTO ,LA,0,1,0,0,1,4,0,1,0,1
DE WITT ,TX,1,1,0,0,0,1,0,1,0,1
DEAF SMITH ,TX,0,1,0,0,1,1,0,0,0,0
DEARBORN ,IN,0,0,0,1,3,4,0,2,1,0
DECATUR ,GA,1,0,0,0,1,2,0,2,0,0
DECATUR ,IA,1,0,0,0,0,2,0,2,0,0
DECATUR ,IN,1,0,0,1,1,2,0,2,0,0
DECATUR ,TN,0,0,0,0,2,2,0,2,0,0
DEER LODGE ,MT,0,0,0,0,1,2,0,1,0,0
DEFIANCE ,OH,0,0,0,1,2,2,0,1,1,0
DEKALB ,GA,3,1,3,1,5,39,1,3,4,2
DEKALB ,IL,1,0,0,1,5,4,0,3,1,0
DEKALB ,MO,0,0,0,0,1,2,0,0,0,0
DEKALB ,TN,0,0,0,1,3,2,0,2,0,0
DEL NORTE ,CA,2,1,0,1,1,7,0,1,0,0
DELAWARE ,IA,2,0,0,0,0,1,0,3,0,0
DELAWARE ,IN,1,0,0,0,3,5,0,1,0,0
DELAWARE ,NY,0,0,0,2,3,10,0,1,1,0
DELAWARE ,OH,1,0,0,1,1,6,0,1,1,0
DELAWARE ,OK,0,0,0,0,5,5,0,1,0,0
DELAWARE ,PA,0,1,1,2,4,25,0,2,3,0
DELTA ,CO,1,0,1,0,2,6,0,1,1,0
DELTA ,MI,0,0,0,0,3,2,0,2,0,0
DELTA ,TX,0,0,0,0,0,2,0,1,0,0
DENALI ,AK,0,0,0,0,1,0,0,0,0,0
DENT ,MO,0,0,0,1,2,1,0,0,0,0
DENTON ,TX,3,2,1,0,6,30,0,2,2,1
DENVER ,CO,5,1,1,1,4,32,1,1,4,1
DES MOINES ,IA,1,0,0,0,1,0,0,2,0,0
DESCHUTES ,OR,3,0,2,1,2,25,1,4,1,0
DESHA ,AR,0,0,0,0,2,6,0,0,1,0
DESOTO ,MS,0,0,1,1,3,12,0,2,0,0
DEUEL ,NE,0,0,0,0,1,0,0,1,0,0
DEUEL ,SD,0,0,0,0,0,0,0,2,0,0
DEWEY ,OK,0,0,0,0,0,1,0,0,0,0
DEWITT ,IL,0,1,0,1,2,1,0,0,1,0
DICKENSON ,VA,0,0,0,0,1,1,0,0,0,0
DICKEY ,ND,0,0,0,0,0,0,0,1,0,0
DICKINSON ,IA,1,0,0,0,4,2,0,3,0,0
DICKINSON ,KS,0,0,0,0,2,3,0,1,0,0
DICKINSON ,MI,0,0,0,0,0,4,0,3,0,0
DICKSON ,TN,0,0,0,1,1,5,0,2,0,0
DILLON ,SC,0,0,0,1,0,2,0,2,0,0
DIMMIT ,TX,0,0,0,0,0,0,0,1,0,0
DINWIDDIE ,VA,0,0,0,0,0,1,0,2,0,0
DIVIDE ,ND,0,0,0,0,0,1,0,0,0,0
DIXIE ,FL,0,0,0,0,2,6,0,1,0,0
DIXON ,NE,0,0,0,0,1,1,0,3,0,0
DODDRIDGE ,WV,0,0,0,0,1,1,0,0,0,0
DODGE ,GA,0,0,0,0,0,3,1,1,1,0
DODGE ,MN,2,0,2,0,0,3,0,2,0,0
DODGE ,NE,1,1,0,0,1,4,0,3,0,0
DODGE ,WI,2,0,0,0,2,2,0,3,1,0
DOLORES ,CO,1,0,0,0,0,1,0,0,0,0
DONA ANA ,NM,1,0,2,0,4,21,0,2,6,0
DONLEY ,TX,0,0,0,0,1,1,0,0,0,0
DOOLY ,GA,0,0,0,0,1,1,0,1,0,0
DOOR ,WI,0,0,0,0,0,3,0,2,0,0
DORCHESTER ,MD,1,0,0,1,0,0,0,0,0,0
DORCHESTER ,SC,0,1,0,1,1,13,0,4,0,0
DOUGHERTY ,GA,0,1,0,0,2,10,0,1,1,0
DOUGLAS ,CO,2,1,2,0,4,23,1,1,4,1
DOUGLAS ,GA,1,0,0,0,2,12,0,2,1,0
DOUGLAS ,IL,0,0,0,0,3,2,0,2,1,0
DOUGLAS ,KS,0,0,0,1,4,5,0,1,0,0
DOUGLAS ,MN,4,0,3,0,0,4,0,2,0,0
DOUGLAS ,MO,0,0,0,0,2,5,0,2,0,0
DOUGLAS ,NE,2,0,3,0,4,20,1,4,0,0
DOUGLAS ,NV,2,0,2,0,1,14,0,1,1,0
DOUGLAS ,OR,3,1,3,1,3,17,1,3,2,0
DOUGLAS ,SD,0,0,0,0,0,1,0,0,0,0
DOUGLAS ,WA,0,0,1,1,1,6,0,1,0,0
DOUGLAS ,WI,3,0,3,0,0,3,0,3,0,0
DREW ,AR,0,0,1,0,1,2,0,0,0,0
DUBOIS ,IN,1,0,0,0,2,0,0,2,0,0
DUBUQUE ,IA,3,0,1,0,1,5,0,2,0,0
DUCHESNE ,UT,0,0,0,0,3,2,0,3,1,0
DUKES ,MA,1,0,0,0,0,8,0,0,1,0
DUNDY ,NE,0,0,0,0,0,0,0,1,0,0
DUNKLIN ,MO,0,0,0,0,1,3,0,1,0,0
DUNN ,ND,0,0,0,0,0,0,0,1,0,0
DUNN ,WI,2,0,1,0,0,5,0,2,0,0
DUPAGE ,IL,5,0,3,2,7,36,0,4,4,0
DUPLIN ,NC,0,0,0,0,1,6,0,1,0,0
DURHAM ,NC,1,0,0,1,1,19,0,4,3,0
DUTCHESS ,NY,1,0,2,1,5,24,1,2,2,0
DUVAL ,FL,3,1,1,2,8,48,1,2,6,0
DUVAL ,TX,0,1,0,0,0,1,0,0,0,0
DYER ,TN,0,0,0,0,1,3,0,2,0,0
EAGLE ,CO,3,1,0,1,1,9,0,0,1,0
EARLY ,GA,0,1,0,0,0,1,0,2,1,0
EAST BATON ROUGE ,LA,2,1,0,1,2,11,1,3,2,0
EAST CARROLL ,LA,0,0,1,0,1,4,0,0,0,0
EAST FELICIANA ,LA,0,1,0,0,1,3,0,2,0,0
EASTLAND ,TX,0,0,0,0,2,4,0,1,0,1
EATON ,MI,0,0,0,0,2,6,0,2,0,0
EAU CLAIRE ,WI,1,0,1,0,2,4,0,2,0,0
ECTOR ,TX,1,1,0,0,2,1,0,3,0,1
EDDY ,ND,0,0,1,0,0,0,0,1,0,0
EDDY ,NM,0,0,0,0,2,9,0,1,2,0
EDGAR ,IL,0,0,1,1,3,3,0,2,1,0
EDGECOMBE ,NC,1,0,0,0,0,4,0,1,0,0
EDGEFIELD ,SC,0,0,0,0,0,3,0,2,0,1
EDMONSON ,KY,0,0,0,0,1,2,0,3,0,0
EDMUNDS ,SD,0,0,0,0,0,0,0,1,0,0
EDWARDS ,IL,1,0,0,0,1,0,0,2,0,0
EDWARDS ,KS,0,0,0,0,1,0,0,0,0,0
EFFINGHAM ,GA,0,0,0,1,0,3,0,2,1,0
EFFINGHAM ,IL,0,0,0,0,2,1,0,2,1,0
EL DORADO ,CA,3,1,2,1,4,23,1,1,0,0
EL PASO ,CO,7,1,1,1,7,37,1,2,3,0
EL PASO ,TX,1,1,1,0,5,33,1,2,3,2
ELBERT ,CO,1,0,0,0,2,4,0,1,2,0
ELBERT ,GA,0,0,0,0,1,2,0,3,0,0
ELK ,KS,0,0,0,0,1,0,0,0,0,0
ELK ,PA,0,0,0,0,1,3,0,2,1,0
ELKHART ,IN,1,0,1,1,2,8,0,3,1,1
ELKO ,NV,0,0,1,0,1,10,0,1,0,0
ELLIOTT ,KY,0,0,0,0,2,0,0,1,0,0
ELLIS ,KS,0,0,0,0,2,0,0,0,0,0
ELLIS ,OK,0,0,0,0,1,0,0,0,0,0
ELLIS ,TX,1,1,0,0,1,4,0,2,0,0
ELLSWORTH ,KS,0,0,0,0,1,1,0,0,0,0
ELMORE ,AL,1,0,1,0,1,7,0,2,2,0
ELMORE ,ID,1,0,0,0,1,5,0,1,0,0
EMANUEL ,GA,0,0,0,0,0,3,0,1,2,0
EMERY ,UT,1,0,0,0,2,0,1,4,0,0
EMMET ,IA,0,0,0,0,1,0,0,2,0,0
EMMET ,MI,0,0,0,0,2,3,0,3,1,0
EMMONS ,ND,0,0,0,0,0,0,0,1,0,0
ERATH ,TX,1,0,1,0,2,3,0,1,0,0
ERIE ,NY,2,0,1,2,4,42,1,3,7,0
ERIE ,OH,1,0,0,1,1,2,0,2,1,0
ERIE ,PA,0,1,1,2,3,21,0,5,1,0
ESCAMBIA ,AL,0,0,0,0,1,7,0,1,0,0
ESCAMBIA ,FL,3,1,2,2,3,29,0,2,3,0
ESMERALDA ,NV,0,0,1,0,0,2,0,0,0,0
ESSEX ,MA,0,1,2,2,3,33,3,1,5,1
ESSEX ,NJ,1,1,1,3,4,35,0,1,3,2
ESSEX ,NY,0,0,0,1,1,8,0,1,1,0
ESSEX ,VA,0,0,0,0,1,2,0,2,1,0
ESSEX ,VT,0,0,0,0,0,1,0,0,0,0
ESTILL ,KY,0,0,0,0,1,0,0,1,0,0
ETOWAH ,AL,1,0,0,1,2,8,0,0,1,0
EUREKA ,NV,0,0,2,0,0,1,0,1,0,0
EVANGELINE ,LA,0,1,0,0,1,4,0,2,0,0
EVANS ,GA,0,0,0,0,0,0,0,3,0,0
FAIRBANKS NORTH STAR ,AK,1,0,1,0,2,8,0,1,0,0
FAIRFAX ,VA,5,1,0,2,7,48,2,1,6,0
FAIRFAX CITY ,VA,1,0,0,0,1,4,0,0,0,0
FAIRFIELD ,CT,2,1,1,3,4,48,2,1,3,1
FAIRFIELD ,OH,1,0,0,1,2,12,0,1,1,0
FAIRFIELD ,SC,0,0,0,0,1,0,0,2,0,0
FALL RIVER ,SD,0,0,0,0,1,1,0,2,0,0
FALLS ,TX,1,0,0,0,0,1,0,1,0,0
FALLS CHURCH CITY ,VA,1,0,0,0,0,1,0,0,0,0
FANNIN ,GA,0,0,0,0,0,4,0,2,0,0
FANNIN ,TX,0,0,0,0,1,6,0,1,0,0
FARIBAULT ,MN,3,0,2,0,0,2,0,2,0,0
FAULK ,SD,0,0,0,0,0,0,0,1,0,0
FAULKNER ,AR,0,0,0,0,4,7,0,1,0,1
FAUQUIER ,VA,1,0,0,0,1,5,0,1,0,0
FAYETTE ,AL,0,0,1,0,1,1,0,0,0,0
FAYETTE ,GA,0,0,1,0,2,13,0,1,3,0
FAYETTE ,IA,2,0,0,0,1,1,0,4,0,0
FAYETTE ,IL,0,0,1,0,4,2,0,0,0,0
FAYETTE ,IN,0,0,0,0,0,3,0,3,0,0
FAYETTE ,KY,1,0,0,1,4,12,0,4,2,0
FAYETTE ,OH,0,0,0,0,0,2,0,1,0,0
FAYETTE ,PA,1,0,1,2,1,11,0,0,1,0
FAYETTE ,TN,0,0,0,0,2,2,0,2,0,0
FAYETTE ,TX,1,0,0,0,1,3,0,1,0,1
FAYETTE ,WV,1,0,0,0,2,5,0,0,1,0
FENTRESS ,TN,0,0,0,0,1,3,0,2,0,0
FERGUS ,MT,0,0,0,0,1,1,0,1,0,0
FERRY ,WA,0,0,0,0,0,3,0,1,0,0
FILLMORE ,MN,3,0,2,0,0,2,0,2,1,0
FILLMORE ,NE,0,0,0,0,0,0,0,2,0,0
FINNEY ,KS,0,0,0,0,0,1,0,1,0,0
FISHER ,TX,1,0,0,0,1,1,0,1,0,0
FLAGLER ,FL,1,0,1,1,4,22,0,3,2,0
FLATHEAD ,MT,0,0,2,0,2,9,0,3,1,0
FLEMING ,KY,0,0,0,0,1,2,0,2,0,0
FLORENCE ,SC,0,1,0,1,2,8,0,4,2,1
FLORENCE ,WI,0,0,0,0,0,1,0,3,0,0
FLOYD ,GA,0,0,0,0,1,2,0,1,1,0
FLOYD ,IA,1,0,0,0,0,0,0,3,0,0
FLOYD ,IN,1,0,0,1,1,7,0,1,2,0
FLOYD ,KY,0,0,1,0,2,0,0,3,0,0
FLOYD ,TX,0,0,0,0,1,0,0,0,0,0
FLOYD ,VA,0,0,0,0,1,3,0,3,0,0
FLUVANNA ,VA,1,0,0,1,2,0,0,0,0,0
FOARD ,TX,0,0,0,0,1,1,0,1,0,0
FOND DU LAC ,WI,2,1,2,0,0,6,0,3,1,0
FORD ,IL,0,0,0,0,3,1,0,2,1,0
FORD ,KS,0,0,0,0,1,1,0,0,0,0
FOREST ,PA,0,0,0,0,1,4,0,3,1,0
FOREST ,WI,1,0,0,0,0,2,0,3,0,0
FORREST ,MS,0,0,1,0,2,7,0,0,0,0
FORSYTH ,GA,0,0,0,0,4,12,0,1,1,0
FORSYTH ,NC,0,0,0,3,5,18,0,3,2,0
FORT BEND ,TX,4,3,1,1,5,22,0,3,1,1
FOSTER ,ND,1,0,0,0,0,0,0,1,0,0
FOUNTAIN ,IN,1,0,0,0,2,0,0,1,0,0
FRANKLIN ,AL,0,0,0,0,3,2,0,0,0,0
FRANKLIN ,AR,0,0,0,0,3,3,0,3,0,0
FRANKLIN ,FL,1,0,0,0,0,4,0,1,0,0
FRANKLIN ,GA,0,0,0,0,1,1,0,3,1,0
FRANKLIN ,IA,1,0,0,0,0,0,0,2,0,0
FRANKLIN ,ID,0,0,0,0,1,3,0,2,0,0
FRANKLIN ,IL,1,0,0,0,3,2,0,2,1,0
FRANKLIN ,IN,0,0,0,0,1,4,0,3,0,0
FRANKLIN ,KS,0,0,0,1,3,5,0,0,0,0
FRANKLIN ,KY,0,0,0,0,4,0,0,2,1,0
FRANKLIN ,LA,0,0,1,0,3,3,0,0,0,0
FRANKLIN ,MA,0,0,1,0,0,12,1,0,1,0
FRANKLIN ,ME,0,0,0,0,0,6,0,1,0,0
FRANKLIN ,MO,0,0,0,2,3,8,0,0,1,0
FRANKLIN ,MS,0,0,0,0,1,3,0,0,0,0
FRANKLIN ,NC,0,0,0,0,1,4,0,3,0,0
FRANKLIN ,NE,0,0,0,0,1,0,0,1,0,0
FRANKLIN ,NY,0,0,1,0,0,5,0,1,1,0
FRANKLIN ,OH,3,1,0,3,5,42,0,2,5,0
FRANKLIN ,PA,2,0,2,0,1,9,0,4,0,0
FRANKLIN ,TN,0,0,0,1,2,6,0,2,0,0
FRANKLIN ,TX,0,0,0,0,0,3,0,1,0,1
FRANKLIN ,VA,2,0,0,0,2,5,0,3,0,0
FRANKLIN ,VT,0,0,0,0,0,4,0,0,0,0
FRANKLIN ,WA,0,0,0,0,2,8,0,2,0,0
FRANKLIN CITY ,VA,0,0,0,0,0,2,0,2,0,0
FREDERICK ,MD,1,1,0,1,3,13,0,0,2,0
FREDERICK ,VA,1,0,0,0,2,3,0,2,1,0
FREDERICKSBURG CITY ,VA,2,0,0,0,1,2,0,1,0,0
FREEBORN ,MN,3,0,0,0,1,3,0,2,0,0
FREESTONE ,TX,1,0,0,0,2,2,0,0,0,1
FREMONT ,CO,1,0,2,0,4,6,0,1,1,0
FREMONT ,IA,0,0,0,0,2,0,0,2,0,0
FREMONT ,ID,0,0,1,0,1,1,0,1,1,0
FREMONT ,WY,1,0,0,0,2,4,0,1,0,0
FRESNO ,CA,3,1,3,1,4,26,0,2,3,0
FRIO ,TX,0,0,0,0,0,2,0,1,0,0
FRONTIER ,NE,0,0,0,0,1,0,0,1,0,0
FULTON ,AR,0,0,0,0,1,1,0,1,0,0
FULTON ,GA,2,1,1,0,7,47,0,4,4,1
FULTON ,IL,0,0,0,1,1,3,0,1,0,0
FULTON ,IN,0,0,0,0,3,0,0,2,1,0
FULTON ,KY,0,0,0,0,2,1,0,1,0,0
FULTON ,NY,0,0,0,1,1,7,0,2,2,0
FULTON ,OH,0,0,0,0,2,1,0,1,0,0
FULTON ,PA,0,0,0,1,1,3,0,2,0,0
FURNAS ,NE,0,0,0,0,0,1,0,2,0,0
GADSDEN ,FL,1,0,0,1,1,8,0,2,1,0
GAGE ,NE,0,0,0,0,1,0,0,4,0,0
GAINES ,TX,0,0,0,0,0,1,0,0,0,0
GALAX CITY ,VA,0,0,0,0,1,1,0,3,0,0
GALLATIN ,IL,1,0,0,0,1,1,0,1,0,0
GALLATIN ,KY,0,0,0,0,0,1,0,1,1,0
GALLATIN ,MT,4,0,0,0,1,12,0,2,1,0
GALLIA ,OH,0,0,0,0,1,5,0,1,0,0
GALVESTON ,TX,2,1,2,1,5,18,0,3,2,1
GARDEN ,NE,0,0,0,0,0,0,0,2,0,0
GARFIELD ,CO,2,0,1,0,3,6,0,1,1,0
GARFIELD ,NE,0,0,0,0,0,1,0,1,0,0
GARFIELD ,OK,0,0,0,0,3,5,0,1,0,1
GARFIELD ,UT,0,0,1,0,2,3,0,2,0,0
GARFIELD ,WA,0,0,0,0,1,0,0,1,0,0
GARLAND ,AR,2,1,1,1,4,10,0,1,0,0
GARRARD ,KY,0,0,0,0,1,3,0,2,0,0
GARRETT ,MD,1,0,0,0,1,2,0,0,0,0
GARVIN ,OK,0,1,0,0,1,5,0,1,0,0
GARZA ,TX,0,0,1,0,2,2,0,0,0,0
GASCONADE ,MO,1,0,0,0,1,4,0,1,0,0
GASTON ,NC,0,0,0,1,2,7,0,3,1,0
GATES ,NC,0,0,0,0,1,2,0,1,0,0
GEARY ,KS,0,0,0,0,3,3,0,1,0,0
GEAUGA ,OH,1,0,1,1,1,9,1,1,0,0
GEM ,ID,1,0,2,0,1,4,0,2,2,0
GENESEE ,MI,1,0,1,0,2,13,0,3,0,0
GENESEE ,NY,3,0,0,1,1,5,0,1,2,0
GENEVA ,AL,0,0,0,0,0,7,0,0,0,0
GENTRY ,MO,0,0,0,0,1,1,0,0,0,0
GEORGE ,MS,0,0,0,0,0,4,0,0,0,0
GEORGETOWN ,SC,0,0,0,1,1,6,0,3,0,0
GIBSON ,IN,1,0,0,0,1,1,0,3,0,0
GIBSON ,TN,1,0,0,0,4,2,0,2,0,0
GILA ,AZ,3,1,1,0,3,13,0,2,2,0
GILCHRIST ,FL,0,0,0,0,2,8,0,1,0,0
GILES ,TN,0,0,0,1,0,4,0,2,0,0
GILES ,VA,1,0,0,0,2,3,0,1,0,0
GILLESPIE ,TX,0,0,0,0,1,5,0,1,0,0
GILLIAM ,OR,0,0,1,0,0,4,0,0,0,0
GILMER ,GA,0,0,0,0,1,4,0,2,0,0
GILMER ,WV,0,0,0,0,1,2,0,0,0,0
GILPIN ,CO,1,0,1,0,0,4,0,0,1,0
GLACIER ,MT,0,0,0,0,0,2,0,1,0,0
GLADES ,FL,0,0,0,0,2,12,0,0,1,0
GLADWIN ,MI,0,0,0,0,0,5,0,1,0,0
GLENN ,CA,1,1,0,0,1,3,0,0,0,0
GLOUCESTER ,NJ,0,0,0,3,2,15,0,1,3,0
GLOUCESTER ,VA,0,0,0,0,2,4,0,4,1,0
GLYNN ,GA,0,1,0,0,3,8,0,1,0,0
GOGEBIC ,MI,0,0,0,0,0,1,0,4,0,0
GOLDEN VALLEY ,MT,0,0,0,0,0,1,0,1,0,0
GOLDEN VALLEY ,ND,0,0,0,0,0,1,0,0,0,0
GOLIAD ,TX,0,0,0,0,0,1,0,1,0,0
GONZALES ,TX,0,1,0,0,1,2,0,1,0,0
GOOCHLAND ,VA,0,0,0,0,1,0,0,3,2,0
GOODHUE ,MN,3,0,2,0,1,3,0,3,0,0
GOODING ,ID,0,0,1,0,1,3,0,2,0,0
GORDON ,GA,0,0,0,0,2,5,0,2,1,0
GOSHEN ,WY,0,0,0,0,1,2,0,1,0,0
GOSPER ,NE,0,0,1,0,1,0,0,2,0,0
GOVE ,KS,0,0,0,0,1,0,0,0,0,0
GRADY ,GA,1,1,1,0,2,5,0,3,0,0
GRADY ,OK,0,0,0,0,1,6,0,2,0,0
GRAFTON ,NH,0,0,0,0,1,11,0,0,1,0
GRAHAM ,AZ,0,1,0,0,2,9,0,2,1,0
GRAHAM ,KS,0,0,0,0,1,1,0,0,0,0
GRAHAM ,NC,0,0,0,0,0,0,0,1,0,0
GRAINGER ,TN,0,0,0,0,2,5,0,2,0,0
GRAND ,CO,1,0,0,0,1,5,0,1,1,0
GRAND ,UT,0,0,0,0,0,3,0,2,0,0
GRAND FORKS ,ND,1,0,1,0,0,2,0,2,0,0
GRAND ISLE ,VT,0,0,0,0,1,1,0,0,0,0
GRAND TRAVERSE ,MI,0,1,0,0,0,6,0,1,0,0
GRANITE ,MT,0,0,0,0,0,0,0,1,0,0
GRANT ,AR,0,0,0,0,2,0,0,1,0,0
GRANT ,IN,0,1,0,0,1,3,0,2,0,0
GRANT ,KS,0,0,0,0,1,0,0,0,0,0
GRANT ,KY,0,0,0,0,1,3,0,2,1,0
GRANT ,LA,0,1,0,0,1,3,0,1,0,0
GRANT ,MN,3,0,2,0,0,1,0,2,0,1
GRANT ,ND,0,0,0,0,0,0,0,1,0,0
GRANT ,NE,0,0,0,0,0,0,0,1,0,0
GRANT ,NM,0,0,0,1,1,11,0,1,3,0
GRANT ,OK,0,0,0,0,1,1,0,0,0,0
GRANT ,OR,0,0,0,0,1,3,0,1,0,0
GRANT ,SD,1,0,1,0,0,2,0,2,0,0
GRANT ,WA,0,0,2,0,1,11,0,2,0,0
GRANT ,WI,3,0,2,0,0,5,0,3,0,0
GRANT ,WV,0,0,0,0,1,0,0,0,0,0
GRANVILLE ,NC,0,0,0,1,2,2,0,3,0,0
GRATIOT ,MI,0,0,0,0,0,2,0,2,0,0
GRAVES ,KY,0,0,0,0,1,4,0,2,0,0
GRAY ,KS,0,0,0,0,1,0,0,0,0,0
GRAY ,TX,0,1,1,0,2,0,0,0,0,0
GRAYS HARBOR ,WA,0,0,0,0,2,9,0,1,0,0
GRAYSON ,KY,1,0,0,0,2,5,0,2,0,0
GRAYSON ,TX,2,1,1,0,3,6,1,2,0,0
GRAYSON ,VA,0,0,0,0,1,5,0,4,0,0
GREELEY ,NE,0,0,0,0,1,0,0,1,0,0
GREEN ,KY,0,0,0,0,0,4,0,1,0,0
GREEN ,WI,2,0,2,0,0,4,0,3,0,0
GREEN LAKE ,WI,2,0,0,0,0,4,0,3,1,0
GREENBRIER ,WV,0,0,0,0,2,3,0,0,2,0
GREENE ,AL,0,0,0,0,1,3,0,0,0,0
GREENE ,AR,0,0,0,0,4,2,0,1,0,0
GREENE ,GA,0,0,0,0,0,2,0,2,0,0
GREENE ,IA,1,0,1,0,0,0,0,4,0,0
GREENE ,IL,0,0,0,0,3,2,0,2,0,0
GREENE ,IN,0,0,0,0,2,2,0,1,0,0
GREENE ,MO,2,0,0,0,7,17,0,3,0,0
GREENE ,MS,0,0,0,0,2,1,0,0,0,0
GREENE ,NC,0,0,0,0,0,0,0,1,0,0
GREENE ,NY,0,0,0,2,3,10,0,1,0,0
GREENE ,OH,0,0,0,1,2,10,0,1,2,0
GREENE ,PA,0,0,0,1,1,5,0,0,1,0
GREENE ,TN,1,0,0,0,1,4,0,2,1,0
GREENE ,VA,1,0,0,0,0,4,0,2,0,0
GREENLEE ,AZ,0,1,0,0,0,2,0,1,1,0
GREENSVILLE ,VA,0,0,0,0,1,1,0,3,0,0
GREENUP ,KY,0,0,0,0,3,4,0,2,0,0
GREENVILLE ,SC,1,1,2,1,4,22,0,4,1,0
GREENWOOD ,KS,0,0,0,0,2,0,0,0,0,0
GREENWOOD ,SC,0,0,0,0,1,3,0,2,0,0
GREER ,OK,1,0,0,0,0,0,0,0,0,0
GREGG ,TX,3,1,0,1,2,11,0,1,0,0
GREGORY ,SD,0,0,1,0,0,1,0,0,0,0
GRENADA ,MS,0,0,0,0,2,2,0,1,0,0
GRIGGS ,ND,1,0,0,0,0,0,0,0,0,0
GRIMES ,TX,1,1,0,0,1,7,0,0,0,1
GRUNDY ,IA,1,0,0,0,1,1,0,3,0,0
GRUNDY ,IL,0,0,0,0,3,7,0,1,0,0
GRUNDY ,MO,0,0,0,0,0,1,0,0,0,0
GRUNDY ,TN,0,0,0,0,1,3,0,1,0,0
GUADALUPE ,NM,0,0,0,0,1,3,0,1,1,0
GUADALUPE ,TX,1,1,0,1,4,11,0,3,1,0
GUERNSEY ,OH,2,0,0,0,1,3,0,1,0,0
GUILFORD ,NC,1,0,0,3,3,26,0,3,2,0
GULF ,FL,0,0,0,0,1,3,0,2,0,0
GUNNISON ,CO,2,0,0,0,1,4,0,0,1,0
GUTHRIE ,IA,1,0,0,0,0,0,0,4,0,0
GWINNETT ,GA,1,1,1,1,7,40,0,5,3,1
HABERSHAM ,GA,0,0,0,0,2,3,0,4,1,0
HALE ,AL,0,0,0,0,1,5,0,0,0,0
HALE ,TX,0,0,0,0,1,2,0,0,0,1
HALIFAX ,NC,1,0,0,0,2,4,0,2,1,0
HALIFAX ,VA,0,0,1,0,1,3,0,3,0,0
HALL ,GA,0,0,0,0,1,9,0,3,1,0
HALL ,NE,0,0,1,0,1,3,0,2,0,0
HALL ,TX,0,0,0,0,0,1,0,0,0,0
HAMBLEN ,TN,0,0,0,1,1,7,0,2,0,0
HAMILTON ,FL,0,1,0,0,0,3,0,0,0,0
HAMILTON ,IA,1,0,0,0,1,0,0,2,0,0
HAMILTON ,IL,0,0,0,0,1,0,0,1,0,0
HAMILTON ,IN,3,0,1,1,5,17,0,3,2,0
HAMILTON ,KS,0,0,0,0,1,0,0,0,0,0
HAMILTON ,NE,0,0,0,0,1,0,0,2,0,0
HAMILTON ,NY,0,0,0,0,0,2,0,1,1,0
HAMILTON ,OH,4,0,2,4,6,45,1,2,5,1
HAMILTON ,TN,1,0,1,1,3,14,1,3,1,0
HAMILTON ,TX,1,0,0,0,1,1,0,1,0,0
HAMLIN ,SD,0,0,0,0,0,0,0,1,0,0
HAMPDEN ,MA,0,1,3,0,2,28,0,1,6,0
HAMPSHIRE ,MA,0,1,2,0,2,17,1,0,2,0
HAMPSHIRE ,WV,1,0,0,0,2,0,0,0,1,0
HAMPTON ,SC,0,0,0,1,3,2,0,1,0,0
HAMPTON CITY ,VA,1,0,0,0,3,11,0,5,3,0
HANCOCK ,GA,0,0,0,0,0,2,0,1,1,0
HANCOCK ,IA,0,0,0,0,1,0,0,0,0,0
HANCOCK ,IL,0,0,0,1,3,3,0,3,1,0
HANCOCK ,IN,2,0,1,1,2,3,0,2,1,0
HANCOCK ,KY,0,0,0,0,0,1,0,0,0,0
HANCOCK ,ME,1,1,0,0,0,9,0,1,1,0
HANCOCK ,MS,0,1,1,0,2,3,0,0,0,0
HANCOCK ,OH,0,0,0,1,2,5,0,0,0,0
HANCOCK ,TN,0,0,0,0,1,2,0,1,0,0
HANCOCK ,WV,1,0,0,1,1,6,0,0,1,0
HANOVER ,VA,1,0,0,1,2,6,1,3,1,0
HANSON ,SD,0,0,0,0,1,8,0,2,0,0
HARALSON ,GA,0,0,0,0,2,1,0,4,1,0
HARDEE ,FL,0,1,0,0,1,5,0,0,1,0
HARDEMAN ,TN,0,0,0,0,1,5,0,2,0,0
HARDEMAN ,TX,0,0,0,0,1,1,0,0,0,0
HARDIN ,IA,3,0,0,0,1,2,0,4,0,0
HARDIN ,IL,0,0,0,0,2,0,0,0,0,0
HARDIN ,KY,1,0,1,1,2,15,0,2,2,0
HARDIN ,OH,0,0,0,0,0,2,0,0,0,0
HARDIN ,TN,0,0,0,0,3,4,0,2,0,0
HARDIN ,TX,0,1,0,0,2,7,0,2,0,1
HARDING ,NM,0,0,0,0,0,0,0,0,1,0
HARDY ,WV,0,0,0,0,1,0,0,1,0,1
HARFORD ,MD,1,0,0,1,3,16,2,1,2,0
HARLAN ,KY,0,0,0,0,1,1,0,1,0,0
HARLAN ,NE,0,0,0,0,1,1,0,1,0,0
HARMON ,OK,0,0,0,0,0,1,0,0,0,0
HARNETT ,NC,0,0,0,0,1,7,0,3,0,0
HARNEY ,OR,1,0,0,1,0,5,0,2,0,0
HARPER ,KS,0,0,0,0,1,0,0,0,0,0
HARRIS ,GA,0,0,0,0,1,2,0,4,0,0
HARRIS ,TX,7,3,6,2,9,67,2,3,8,1
HARRISON ,IA,0,0,0,0,3,3,0,2,0,0
HARRISON ,IN,1,0,1,0,0,2,0,2,1,0
HARRISON ,KY,0,0,0,0,2,1,0,3,0,0
HARRISON ,MS,0,0,2,0,4,15,0,1,1,0
HARRISON ,OH,1,0,0,2,2,3,0,0,0,0
HARRISON ,TX,1,0,0,0,2,8,0,1,0,0
HARRISON ,WV,0,0,1,1,1,7,0,0,1,0
HARRISONBURG CITY ,VA,0,0,0,0,1,3,0,2,0,0
HART ,GA,0,0,0,0,1,2,0,3,0,0
HART ,KY,0,0,0,0,1,3,0,3,0,0
HARTFORD ,CT,1,1,2,0,5,40,0,1,6,0
HARTLEY ,TX,0,0,0,0,1,0,0,0,0,0
HARVEY ,KS,0,0,0,0,1,1,0,1,0,0
HASKELL ,OK,0,0,0,0,2,3,0,1,0,0
HASKELL ,TX,0,0,0,0,0,0,0,1,0,0
HAWAII ,HI,5,0,2,0,2,18,0,0,0,0
HAWKINS ,TN,1,0,0,0,1,5,0,2,0,0
HAYES ,NE,0,0,0,0,0,1,0,0,0,0
HAYS ,TX,0,2,0,1,2,15,0,4,2,1
HAYWOOD ,NC,0,0,1,0,3,8,0,3,0,0
HAYWOOD ,TN,0,0,0,0,0,2,0,2,0,0
HEARD ,GA,0,0,0,0,0,1,0,2,1,0
HEMPHILL ,TX,0,1,0,0,1,0,0,0,0,0
HEMPSTEAD ,AR,0,0,0,0,1,2,0,0,0,0
HENDERSON ,IL,1,0,0,1,1,0,0,1,0,0
HENDERSON ,KY,1,0,0,0,1,1,0,2,0,0
HENDERSON ,NC,0,0,1,1,2,18,0,4,1,0
HENDERSON ,TN,0,0,0,0,1,0,0,2,0,0
HENDERSON ,TX,1,1,0,0,2,9,0,1,1,0
HENDRICKS ,IN,3,0,1,1,2,7,0,2,1,0
HENDRY ,FL,1,1,0,0,1,17,0,0,0,1
HENNEPIN ,MN,6,0,9,0,3,31,0,4,4,0
HENRICO ,VA,1,0,1,0,2,13,0,3,2,0
HENRY ,AL,0,1,0,0,0,1,0,1,0,0
HENRY ,GA,3,0,0,1,3,16,0,2,1,0
HENRY ,IA,2,0,0,0,2,0,0,3,1,0
HENRY ,IL,1,0,0,1,3,6,0,3,0,0
HENRY ,IN,1,1,0,0,1,2,0,1,1,0
HENRY ,KY,0,0,0,1,1,1,0,1,0,0
HENRY ,MO,0,0,0,0,3,4,0,2,0,0
HENRY ,OH,1,0,1,1,1,2,0,3,0,0
HENRY ,TN,1,0,0,0,3,5,0,2,0,0
HENRY ,VA,0,0,0,0,2,1,0,5,0,0
HERKIMER ,NY,2,0,0,0,0,7,0,1,1,0
HERNANDO ,FL,0,1,1,5,5,35,0,2,4,0
HERTFORD ,NC,0,0,1,0,1,2,0,2,0,0
HICKMAN ,KY,0,0,0,0,2,0,0,0,0,0
HICKMAN ,TN,1,0,1,1,1,2,0,2,0,0
HICKORY ,MO,0,0,0,0,4,5,0,1,0,0
HIDALGO ,NM,0,0,0,0,0,1,0,2,0,0
HIDALGO ,TX,8,1,0,1,7,31,0,3,1,0
HIGHLAND ,OH,0,0,0,1,2,7,0,0,2,0
HIGHLAND ,VA,0,0,0,0,1,0,0,0,0,0
HIGHLANDS ,FL,2,1,0,3,6,38,0,3,2,0
HILL ,MT,0,0,0,0,0,0,0,1,0,0
HILL ,TX,1,0,0,0,3,4,0,1,0,0
HILLSBOROUGH ,FL,5,2,4,5,8,78,0,4,10,3
HILLSBOROUGH ,NH,0,0,2,2,1,24,1,1,3,0
HILLSDALE ,MI,0,0,0,0,3,3,0,1,0,0
HINDS ,MS,2,0,2,0,2,12,0,1,1,0
HINSDALE ,CO,1,0,0,0,0,0,0,0,0,0
HITCHCOCK ,NE,0,0,0,0,0,0,0,2,0,0
HOCKING ,OH,0,0,0,0,3,2,0,1,0,0
HOCKLEY ,TX,0,0,0,0,1,2,0,2,0,0
HODGEMAN ,KS,0,0,0,0,1,0,0,0,0,0
HOKE ,NC,0,0,0,1,1,1,0,4,0,0
HOLMES ,FL,1,0,0,0,2,4,0,0,0,0
HOLMES ,MS,0,0,0,0,1,3,0,0,0,0
HOLMES ,OH,1,0,0,0,0,4,0,1,1,0
HOLT ,MO,0,0,0,0,3,1,0,0,0,0
HOLT ,NE,0,0,0,0,1,0,0,2,0,0
HONOLULU ,HI,5,0,2,0,3,28,0,1,3,0
HOOD ,TX,2,1,1,0,2,7,0,3,1,1
HOOD RIVER ,OR,2,0,1,1,2,8,0,2,1,0
HOPEWELL CITY ,VA,0,0,1,0,1,1,0,2,1,0
HOPKINS ,KY,1,0,0,0,3,1,0,3,0,0
HOPKINS ,TX,0,1,1,0,1,4,0,3,0,0
HORRY ,SC,2,0,2,4,7,34,0,5,3,0
HOT SPRING ,AR,0,0,0,0,1,2,0,0,0,0
HOT SPRINGS ,WY,1,0,0,0,1,2,0,0,0,0
HOUGHTON ,MI,0,0,0,0,1,1,0,2,0,0
HOUSTON ,AL,0,2,0,0,0,14,0,1,0,0
HOUSTON ,GA,1,1,0,0,2,10,0,1,2,0
HOUSTON ,MN,2,0,3,0,0,3,0,2,0,0
HOUSTON ,TN,0,0,0,0,1,1,0,2,0,0
HOUSTON ,TX,1,0,0,0,1,2,0,1,0,1
HOWARD ,AR,1,0,0,0,0,1,0,1,0,0
HOWARD ,IA,1,0,0,0,0,1,0,3,0,0
HOWARD ,IN,1,0,0,1,3,2,0,1,1,0
HOWARD ,MD,1,1,2,1,2,14,0,0,2,0
HOWARD ,MO,0,0,0,0,2,1,0,1,0,0
HOWARD ,NE,0,0,0,0,1,0,0,3,0,0
HOWARD ,TX,0,0,0,0,2,6,0,2,0,0
HOWELL ,MO,0,0,1,0,4,9,0,4,0,0
HUBBARD ,MN,3,0,2,0,0,5,0,3,0,0
HUDSON ,NJ,1,1,1,3,5,28,0,0,0,1
HUDSPETH ,TX,0,0,0,0,0,1,0,1,1,0
HUERFANO ,CO,1,0,0,0,4,4,0,0,0,0
HUGHES ,OK,0,0,0,0,1,3,0,0,0,0
HUMBOLDT ,CA,3,1,2,1,4,14,0,1,0,0
HUMBOLDT ,IA,0,0,0,0,0,0,0,2,0,0
HUMBOLDT ,NV,0,0,1,0,2,6,0,1,1,0
HUMPHREYS ,MS,0,0,0,0,1,3,0,0,0,0
HUMPHREYS ,TN,0,0,0,0,1,4,0,2,0,0
HUNT ,TX,2,1,1,0,1,6,0,2,1,0
HUNTERDON ,NJ,0,0,1,3,1,11,0,0,1,0
HUNTINGDON ,PA,0,0,0,1,1,5,0,2,1,0
HUNTINGTON ,IN,0,0,0,0,2,4,0,4,1,0
HURON ,MI,0,0,0,0,0,3,0,2,0,0
HURON ,OH,1,0,0,1,2,1,0,1,0,0
HUTCHINSON ,SD,0,0,0,0,0,0,0,1,0,0
HUTCHINSON ,TX,0,0,0,0,1,3,0,1,0,0
HYDE ,NC,0,0,0,0,0,0,0,1,1,0
HYDE ,SD,0,0,0,0,0,0,0,2,0,0
IBERIA ,LA,0,0,0,0,2,5,0,1,0,1
IBERVILLE ,LA,0,1,1,0,0,5,0,2,0,0
IDA ,IA,0,0,0,0,0,2,0,2,0,0
IDAHO ,ID,1,0,0,0,1,5,0,2,1,0
IMPERIAL ,CA,3,1,2,0,2,17,0,1,1,0
INDEPENDENCE ,AR,0,0,0,0,3,2,0,0,0,1
INDIAN RIVER ,FL,0,1,0,2,4,26,0,2,3,1
INDIANA ,PA,0,0,0,1,2,11,1,1,1,0
INGHAM ,MI,2,0,1,0,2,9,0,2,1,0
INYO ,CA,2,1,2,0,1,11,0,0,0,0
IONIA ,MI,0,0,0,0,1,3,0,3,0,0
IOSCO ,MI,0,0,0,0,1,10,0,1,0,0
IOWA ,IA,1,0,0,0,0,1,0,4,0,0
IOWA ,WI,2,0,0,0,0,0,0,3,0,0
IREDELL ,NC,1,1,0,0,1,15,0,3,1,0
IRION ,TX,0,0,0,0,1,0,0,0,0,0
IRON ,MI,0,0,0,0,0,0,0,1,0,0
IRON ,MO,0,0,0,0,2,3,0,0,0,0
IRON ,UT,0,0,1,0,4,8,0,3,0,0
IRON ,WI,1,0,0,0,1,3,0,2,0,0
IROQUOIS ,IL,1,0,0,1,2,4,0,1,1,0
IRWIN ,GA,0,0,0,0,0,1,0,2,0,0
ISABELLA ,MI,0,0,0,0,0,0,0,1,0,0
ISANTI ,MN,2,1,4,0,0,4,0,3,0,0
ISLAND ,WA,1,0,0,0,2,15,0,3,2,0
ISLE OF WIGHT ,VA,0,0,0,0,2,3,0,2,1,0
ITASCA ,MN,3,0,3,0,1,8,0,2,0,0
ITAWAMBA ,MS,0,0,0,0,1,0,0,0,0,0
IZARD ,AR,0,0,1,0,3,2,0,1,1,0
JACK ,TX,0,0,0,0,1,1,0,2,0,0
JACKSON ,AL,0,0,0,0,1,6,0,1,0,0
JACKSON ,AR,0,1,0,0,1,2,0,0,0,0
JACKSON ,CO,1,0,0,0,0,0,0,0,0,0
JACKSON ,FL,1,0,1,0,1,7,0,2,0,0
JACKSON ,GA,0,1,0,1,0,6,0,2,2,0
JACKSON ,IA,2,0,0,0,1,2,0,1,0,0
JACKSON ,IL,0,1,0,1,4,4,0,2,0,0
JACKSON ,IN,0,0,0,0,1,0,0,3,0,0
JACKSON ,KS,0,0,1,0,2,0,0,0,0,0
JACKSON ,KY,0,0,0,0,1,2,0,2,0,0
JACKSON ,LA,0,0,0,0,0,2,0,1,0,0
JACKSON ,MI,0,0,0,0,3,8,0,2,0,0
JACKSON ,MN,3,0,2,0,1,2,0,3,0,0
JACKSON ,MO,0,1,2,2,8,25,0,2,3,1
JACKSON ,MS,0,0,0,0,3,20,0,0,1,0
JACKSON ,NC,1,1,0,0,1,6,0,2,0,0
JACKSON ,OH,0,0,1,0,2,2,0,1,0,0
JACKSON ,OK,0,0,0,0,1,2,0,1,0,0
JACKSON ,OR,3,0,3,1,2,21,0,3,2,1
JACKSON ,TN,0,0,0,0,1,3,0,2,0,0
JACKSON ,TX,0,1,0,0,1,1,0,1,0,0
JACKSON ,WI,0,0,0,0,1,4,0,3,0,0
JACKSON ,WV,0,0,0,0,2,3,0,0,0,0
JAMES CITY ,VA,1,0,0,0,4,5,0,3,3,0
JASPER ,GA,0,0,0,0,0,2,0,2,1,0
JASPER ,IA,2,0,0,0,0,2,0,3,0,0
JASPER ,IL,0,0,0,0,1,1,0,2,0,0
JASPER ,IN,1,0,0,1,3,2,0,0,0,0
JASPER ,MO,0,0,1,0,4,14,0,0,0,0
JASPER ,MS,0,0,0,0,1,2,0,0,0,0
JASPER ,SC,0,0,0,0,1,3,0,3,0,0
JASPER ,TX,0,1,0,0,2,5,0,2,0,1
JAY ,IN,0,0,0,0,0,2,0,2,0,0
JEFF DAVIS ,GA,0,0,0,0,0,2,0,1,0,0
JEFF DAVIS ,TX,0,0,0,0,0,1,0,0,0,0
JEFFERSON ,AL,1,0,1,2,4,25,0,2,2,0
JEFFERSON ,AR,0,0,0,0,1,4,0,1,0,0
JEFFERSON ,CO,5,1,1,0,5,39,1,2,5,0
JEFFERSON ,FL,1,0,0,0,0,3,0,1,0,0
JEFFERSON ,GA,0,0,0,0,0,1,0,1,1,0
JEFFERSON ,IA,1,0,0,0,0,4,0,4,0,0
JEFFERSON ,ID,0,0,0,0,2,1,0,1,0,0
JEFFERSON ,IL,0,0,1,0,3,0,0,1,0,0
JEFFERSON ,IN,0,0,0,1,1,3,0,1,0,0
JEFFERSON ,KS,0,0,0,0,2,3,0,1,0,0
JEFFERSON ,KY,2,0,2,3,5,27,0,2,3,0
JEFFERSON ,LA,2,1,0,2,2,18,1,2,4,2
JEFFERSON ,MO,0,0,0,2,5,13,1,0,2,0
JEFFERSON ,MS,0,0,0,0,2,3,0,0,0,0
JEFFERSON ,MT,0,0,0,0,1,3,0,1,0,0
JEFFERSON ,NE,0,0,0,0,1,1,0,2,0,0
JEFFERSON ,NY,1,0,1,0,0,14,0,1,1,0
JEFFERSON ,OH,1,0,0,2,1,7,0,0,0,0
JEFFERSON ,OK,0,0,0,0,0,1,0,0,0,0
JEFFERSON ,OR,0,0,0,1,0,6,0,1,0,0
JEFFERSON ,PA,1,0,0,0,1,8,0,2,1,0
JEFFERSON ,TN,1,0,0,1,3,9,0,2,0,0
JEFFERSON ,TX,1,1,0,0,2,10,0,4,2,2
JEFFERSON ,WA,3,0,0,0,1,10,0,2,0,0
JEFFERSON ,WI,2,0,2,0,1,7,0,3,0,0
JEFFERSON ,WV,1,0,0,0,1,1,0,1,2,0
JEFFERSON DAVIS ,LA,1,0,0,0,1,4,0,1,0,0
JEFFERSON DAVIS ,MS,0,0,1,0,0,1,0,0,0,0
JENKINS ,GA,0,0,0,0,1,1,0,2,0,0
JENNINGS ,IN,1,0,0,0,1,3,0,0,1,0
JERAULD ,SD,0,0,0,0,0,0,0,2,0,0
JEROME ,ID,0,0,0,0,1,3,0,2,0,0
JERSEY ,IL,0,0,0,0,2,6,0,2,0,0
JESSAMINE ,KY,0,0,0,0,2,3,0,3,1,0
JEWELL ,KS,0,0,0,0,2,2,0,1,0,0
JIM HOGG ,TX,0,0,0,0,0,3,0,0,0,0
JIM WELLS ,TX,1,1,0,0,1,4,0,1,0,0
JO DAVIESS ,IL,3,0,1,0,3,4,0,2,0,0
JOHNSON ,AR,0,0,0,0,3,2,0,2,0,0
JOHNSON ,GA,0,0,0,0,0,1,0,1,0,0
JOHNSON ,IA,2,0,0,0,2,10,0,4,0,0
JOHNSON ,IL,0,1,0,0,3,2,0,1,0,0
JOHNSON ,IN,3,1,1,1,3,5,0,3,4,0
JOHNSON ,KS,1,1,1,2,5,26,0,2,5,0
JOHNSON ,KY,0,0,0,0,2,3,0,3,0,0
JOHNSON ,MO,0,0,0,0,3,3,0,1,1,0
JOHNSON ,NE,0,0,0,0,0,0,0,1,0,0
JOHNSON ,TN,0,0,0,0,2,2,0,2,0,0
JOHNSON ,TX,3,1,0,0,4,10,0,3,1,0
JOHNSON ,WY,0,0,0,0,0,2,0,0,0,0
JOHNSTON ,NC,1,1,0,0,1,10,0,1,2,0
JOHNSTON ,OK,0,0,0,0,0,4,0,0,0,0
JONES ,GA,1,0,0,0,1,2,0,2,1,0
JONES ,IA,2,0,0,1,0,1,0,4,0,0
JONES ,MS,0,0,0,0,1,4,0,1,0,0
JONES ,NC,1,0,1,0,0,0,0,0,0,0
JONES ,TX,0,0,1,0,1,4,0,1,0,0
JOSEPHINE ,OR,3,0,2,1,3,14,1,2,1,0
JUAB ,UT,0,0,0,0,2,2,0,2,0,0
JUDITH BASIN ,MT,0,0,0,0,0,0,0,1,0,0
JUNEAU ,AK,1,0,0,0,0,4,0,1,0,0
JUNEAU ,WI,0,0,0,0,0,2,0,3,0,0
JUNIATA ,PA,0,0,0,0,0,2,0,2,0,0
KALAMAZOO ,MI,1,0,0,0,2,14,0,3,0,0
KALKASKA ,MI,0,0,0,0,0,3,0,1,0,0
KANABEC ,MN,3,0,2,0,0,4,0,2,0,0
KANAWHA ,WV,0,0,0,0,3,12,0,1,3,0
KANDIYOHI ,MN,3,0,4,0,1,2,0,2,0,0
KANE ,IL,2,0,1,0,8,23,1,4,2,0
KANE ,UT,0,0,1,0,2,1,0,1,0,0
KANKAKEE ,IL,1,0,0,0,5,4,0,2,1,0
KARNES ,TX,0,1,0,0,0,2,0,1,0,0
KAUAI ,HI,1,0,1,0,0,12,0,1,1,0
KAUFMAN ,TX,1,1,0,0,3,5,0,3,0,0
KAY ,OK,0,0,1,0,2,7,0,2,0,0
KEARNEY ,NE,0,0,0,0,0,0,0,2,0,0
KEITH ,NE,0,0,0,0,2,1,0,2,0,0
KEMPER ,MS,0,0,0,0,1,1,0,0,0,0
KENAI PENINSULA ,AK,2,0,2,1,1,9,0,0,0,0
KENDALL ,IL,0,0,1,1,3,6,0,3,1,0
KENDALL ,TX,1,2,0,0,3,7,0,2,1,0
KENNEBEC ,ME,0,0,0,0,1,13,0,0,1,0
KENOSHA ,WI,2,0,0,0,6,11,0,2,0,0
KENT ,DE,1,0,0,2,4,18,0,1,3,0
KENT ,MD,1,0,0,2,0,1,0,0,1,0
KENT ,MI,3,0,1,1,1,26,0,4,1,1
KENT ,RI,1,0,1,1,2,15,0,0,2,0
KENT ,TX,0,0,0,0,0,1,0,0,0,0
KENTON ,KY,0,0,0,4,4,5,0,2,2,0
KEOKUK ,IA,1,0,0,0,0,1,0,3,0,0
KERN ,CA,6,3,4,2,4,38,1,2,1,0
KERR ,TX,0,1,1,0,2,9,0,0,1,2
KERSHAW ,SC,1,0,0,0,1,3,1,3,1,0
KETCHIKAN GATEWAY ,AK,0,0,0,0,0,1,0,0,0,0
KEWAUNEE ,WI,0,0,0,0,0,1,0,3,0,0
KEWEENAW ,MI,0,0,0,0,0,0,0,1,0,0
KIDDER ,ND,0,0,0,0,0,0,0,1,0,0
KIMBALL ,NE,0,0,0,0,1,2,0,2,0,0
KIMBLE ,TX,0,0,0,0,0,1,0,1,0,0
KING ,WA,9,1,3,2,5,63,3,4,9,1
KING AND QUEEN ,VA,0,0,0,0,1,0,0,1,0,0
KING GEORGE ,VA,1,0,0,0,1,0,0,2,0,0
KING WILLIAM ,VA,0,0,0,0,3,1,0,2,0,0
KINGFISHER ,OK,0,0,0,0,0,2,0,1,0,0
KINGMAN ,KS,0,0,0,0,1,0,0,0,0,0
KINGS ,CA,1,1,1,0,1,10,0,2,0,0
KINGS ,NY,4,1,5,6,6,57,1,4,10,3
KINGSBURY ,SD,0,0,0,0,0,0,0,1,0,0
KINNEY ,TX,0,1,0,0,0,1,0,0,0,0
KIOWA ,CO,1,0,0,0,1,1,0,0,0,0
KIOWA ,OK,1,0,0,0,0,0,0,1,0,0
KIT CARSON ,CO,1,0,0,0,1,2,0,0,1,0
KITSAP ,WA,4,1,3,0,3,20,0,4,1,0
KITTITAS ,WA,0,0,0,0,2,4,0,2,1,0
KITTSON ,MN,2,0,2,0,0,1,0,2,0,0
KLAMATH ,OR,3,0,1,1,3,15,0,3,1,0
KLEBERG ,TX,0,1,0,0,1,2,0,0,0,0
KLICKITAT ,WA,1,0,0,1,1,7,0,2,0,0
KNOTT ,KY,0,0,1,0,1,2,0,0,0,0
KNOX ,IL,1,0,1,1,2,3,0,2,0,0
KNOX ,IN,0,0,0,0,2,0,0,0,0,0
KNOX ,KY,0,0,0,0,1,0,0,1,0,0
KNOX ,ME,0,0,0,0,0,12,0,0,0,0
KNOX ,MO,0,0,0,0,1,0,0,0,0,0
KNOX ,NE,0,0,0,0,1,0,0,3,0,0
KNOX ,OH,2,0,0,0,1,7,0,1,0,0
KNOX ,TN,0,0,1,1,4,25,0,4,3,0
KNOX ,TX,0,0,0,0,1,0,0,0,0,0
KODIAK ISLAND ,AK,0,0,0,0,0,1,0,0,1,0
KOOCHICHING ,MN,3,0,2,0,0,4,0,4,0,0
KOOTENAI ,ID,4,0,2,0,3,16,1,2,3,0
KOSCIUSKO ,IN,2,0,0,0,2,6,0,3,1,0
KOSSUTH ,IA,0,0,0,0,0,1,0,3,0,0
LA CROSSE ,WI,0,0,4,0,0,6,0,3,0,0
LA PAZ ,AZ,3,1,3,0,3,16,0,4,1,1
LA PLATA ,CO,3,0,1,0,1,11,0,0,0,0
LA PORTE ,IN,1,0,0,1,3,5,0,2,1,0
LA SALLE ,IL,1,0,0,1,3,10,0,1,1,0
LA SALLE ,LA,0,1,0,0,1,1,0,0,0,0
LA SALLE ,TX,0,0,0,0,0,0,0,1,0,0
LABETTE ,KS,1,0,0,0,2,3,0,0,1,0
LAC QUI PARLE ,MN,3,0,3,0,0,1,0,2,0,0
LACKAWANNA ,PA,0,0,0,2,1,17,0,3,2,0
LACLEDE ,MO,0,0,0,0,2,7,0,3,0,0
LAFAYETTE ,FL,0,0,0,0,1,1,0,0,0,0
LAFAYETTE ,LA,0,1,0,2,2,6,0,2,0,1
LAFAYETTE ,MO,0,0,0,0,2,3,0,1,0,0
LAFAYETTE ,MS,0,0,0,0,2,2,0,1,0,0
LAFAYETTE ,WI,4,0,1,0,0,2,0,3,0,0
LAFOURCHE ,LA,0,1,1,0,1,2,0,2,0,0
LAGRANGE ,IN,0,0,0,0,2,3,0,3,0,0
LAKE ,CA,3,1,1,0,2,14,0,2,0,0
LAKE ,CO,1,0,0,1,0,3,0,0,0,0
LAKE ,FL,6,1,1,6,9,62,1,4,5,1
LAKE ,IL,4,0,2,0,7,33,0,3,1,0
LAKE ,IN,2,1,1,1,8,17,0,2,2,0
LAKE ,MI,0,0,0,0,1,4,0,0,0,0
LAKE ,MN,3,0,2,0,0,2,0,2,0,0
LAKE ,MT,1,0,1,0,0,6,0,1,1,0
LAKE ,OH,1,1,1,1,3,19,0,2,2,0
LAKE ,OR,1,0,0,0,0,5,0,2,0,0
LAKE ,SD,0,0,0,0,0,2,0,1,0,0
LAKE ,TN,0,0,0,0,1,0,0,2,0,0
LAKE OF THE WOODS ,MN,3,0,0,0,0,2,0,2,0,0
LAMAR ,AL,0,0,0,0,0,2,0,1,0,0
LAMAR ,GA,0,0,0,0,0,2,0,2,1,0
LAMAR ,MS,0,0,0,0,1,4,0,0,0,0
LAMAR ,TX,1,0,1,0,3,4,0,2,1,0
LAMB ,TX,0,1,0,0,0,2,0,0,0,0
LAMOILLE ,VT,1,0,0,0,0,5,0,0,0,0
LAMOURE ,ND,1,0,0,0,0,0,0,1,0,0
LAMPASAS ,TX,1,0,0,0,1,2,0,1,0,0
LANCASTER ,NE,0,0,0,0,2,12,0,4,1,0
LANCASTER ,PA,1,0,2,3,4,26,0,5,7,0
LANCASTER ,SC,0,0,0,0,3,5,0,2,0,0
LANCASTER ,VA,1,0,0,0,1,0,0,1,1,0
LANDER ,NV,0,0,0,0,0,3,0,0,0,0
LANE ,KS,1,0,0,0,0,0,0,0,0,0
LANE ,OR,4,1,2,1,6,33,0,4,2,0
LANGLADE ,WI,1,0,0,0,0,1,0,3,0,0
LANIER ,GA,0,0,0,0,0,1,0,3,0,0
LAPEER ,MI,0,0,0,0,2,4,0,3,0,0
LARAMIE ,WY,1,1,1,0,3,9,0,1,1,0
LARIMER ,CO,5,1,2,1,5,23,0,2,3,0
LARUE ,KY,0,0,0,0,1,3,0,1,0,0
LAS ANIMAS ,CO,1,0,0,0,2,6,1,1,1,0
LASSEN ,CA,2,1,0,1,1,10,0,0,0,0
LATAH ,ID,1,0,0,0,1,4,0,1,0,0
LATIMER ,OK,0,0,0,0,1,3,0,1,0,0
LAUDERDALE ,AL,0,0,0,0,2,9,0,2,0,0
LAUDERDALE ,MS,0,1,0,0,4,3,0,0,0,0
LAUDERDALE ,TN,0,0,0,0,1,3,1,2,0,0
LAUREL ,KY,0,0,0,0,1,3,0,2,0,0
LAURENS ,GA,0,1,0,0,1,6,0,1,1,1
LAURENS ,SC,1,0,0,1,1,4,0,4,0,0
LAVACA ,TX,0,1,0,0,0,2,0,1,0,0
LAWRENCE ,AL,0,0,0,0,1,3,0,0,1,0
LAWRENCE ,AR,1,0,0,1,2,0,0,1,0,0
LAWRENCE ,IL,1,0,0,0,1,0,0,2,0,0
LAWRENCE ,IN,1,0,0,0,2,1,0,1,0,0
LAWRENCE ,KY,0,0,0,0,2,1,0,1,0,0
LAWRENCE ,MO,1,0,0,0,2,6,0,2,0,0
LAWRENCE ,MS,0,0,0,0,1,2,0,0,0,0
LAWRENCE ,OH,1,0,0,0,2,4,0,1,0,0
LAWRENCE ,PA,0,0,1,2,1,10,0,0,2,0
LAWRENCE ,SD,0,0,2,0,0,3,0,3,1,0
LAWRENCE ,TN,0,0,0,1,1,3,0,2,0,0
LE FLORE ,OK,1,1,1,0,3,4,0,1,0,0
LE SUEUR ,MN,3,0,3,0,0,2,0,2,0,0
LEA ,NM,0,0,1,0,1,6,0,1,2,0
LEAKE ,MS,0,0,0,0,1,2,0,0,0,0
LEAVENWORTH ,KS,1,0,0,0,3,5,0,1,0,0
LEBANON ,PA,1,0,0,4,2,15,0,5,1,0
LEE ,AL,0,0,0,0,3,9,0,2,0,0
LEE ,AR,0,0,0,0,1,1,0,2,0,0
LEE ,FL,8,1,4,12,8,78,2,4,6,2
LEE ,GA,0,0,0,0,0,1,0,1,0,0
LEE ,IA,1,0,1,1,1,3,0,2,0,0
LEE ,IL,1,0,0,1,0,4,0,1,0,0
LEE ,KY,0,0,0,0,1,3,0,1,0,0
LEE ,MS,1,0,0,0,3,5,0,0,0,0
LEE ,NC,0,0,0,1,3,4,0,1,0,0
LEE ,SC,0,0,0,0,0,1,1,2,0,0
LEE ,TX,1,1,0,0,0,3,0,2,1,1
LEE ,VA,0,0,0,0,2,2,0,0,0,0
LEELANAU ,MI,0,0,0,1,0,4,0,1,1,0
LEFLORE ,MS,0,0,0,0,1,2,0,1,0,0
LEHIGH ,PA,0,1,1,3,3,28,0,3,6,0
LEMHI ,ID,0,0,1,1,1,5,0,1,0,0
LENAWEE ,MI,0,0,0,0,2,10,0,4,0,0
LENOIR ,NC,1,1,0,1,1,5,0,1,0,0
LEON ,FL,2,1,0,1,3,19,0,1,2,0
LEON ,TX,1,0,0,0,0,1,0,1,0,1
LESLIE ,KY,0,0,0,0,1,0,0,2,0,0
LETCHER ,KY,0,0,0,0,1,0,0,1,0,0
LEVY ,FL,2,1,0,0,2,13,0,1,1,0
LEWIS ,ID,1,0,0,0,0,1,0,1,0,0
LEWIS ,KY,0,0,0,0,2,1,0,0,0,0
LEWIS ,MO,0,0,0,0,1,1,0,0,0,0
LEWIS ,NY,0,0,1,0,0,5,0,1,1,0
LEWIS ,TN,0,0,0,0,0,4,0,2,0,0
LEWIS ,WA,1,0,1,1,2,9,0,2,0,0
LEWIS ,WV,1,0,0,0,1,2,0,0,2,0
LEWIS AND CLARK ,MT,1,0,1,0,2,6,0,2,1,0
LEXINGTON ,SC,1,0,1,1,4,15,1,5,1,0
LEXINGTON CITY ,VA,0,0,0,0,0,1,0,2,0,0
LIBERTY ,FL,1,0,0,0,0,1,0,0,0,0
LIBERTY ,GA,0,0,0,0,0,3,0,1,0,0
LIBERTY ,MT,0,0,0,0,0,2,0,1,0,0
LIBERTY ,TX,0,1,0,0,2,7,0,1,1,1
LICKING ,OH,2,0,1,1,2,7,0,2,0,0
LIMESTONE ,AL,0,0,0,0,2,5,0,1,1,0
LIMESTONE ,TX,1,0,0,0,2,2,0,2,0,0
LINCOLN ,CO,1,0,0,0,0,2,0,0,1,0
LINCOLN ,GA,0,0,0,0,1,0,0,1,0,0
LINCOLN ,ID,0,0,1,0,1,0,0,2,0,0
LINCOLN ,KS,0,0,0,0,1,0,0,0,0,0
LINCOLN ,KY,0,0,0,0,1,3,0,3,0,0
LINCOLN ,LA,0,0,0,0,3,4,0,1,0,0
LINCOLN ,ME,0,0,0,0,0,5,0,0,0,0
LINCOLN ,MN,1,0,2,0,0,1,0,2,0,0
LINCOLN ,MO,0,0,0,1,4,5,0,0,1,0
LINCOLN ,MS,0,0,0,0,1,4,0,1,0,0
LINCOLN ,MT,0,0,0,0,2,5,0,2,0,0
LINCOLN ,NC,0,0,0,0,1,4,0,3,1,0
LINCOLN ,NE,0,0,0,0,1,4,0,2,0,0
LINCOLN ,NM,0,0,1,0,1,12,0,2,1,0
LINCOLN ,NV,0,0,1,0,1,1,0,1,0,0
LINCOLN ,OK,1,0,0,0,2,7,0,2,0,0
LINCOLN ,OR,3,0,3,1,3,16,1,4,0,0
LINCOLN ,SD,0,0,0,0,1,3,0,1,0,0
LINCOLN ,TN,0,0,0,0,3,2,0,2,0,0
LINCOLN ,WA,0,0,0,0,1,4,0,1,0,0
LINCOLN ,WI,0,0,0,0,0,1,0,3,0,0
LINCOLN ,WV,1,0,0,0,2,0,0,1,1,0
LINCOLN ,WY,0,0,1,0,2,1,0,1,0,0
LINN ,IA,2,0,1,0,4,8,0,5,1,0
LINN ,KS,0,0,0,0,2,3,0,0,0,0
LINN ,MO,0,0,0,0,2,2,0,0,0,0
LINN ,OR,3,0,1,1,1,19,0,2,2,0
LITCHFIELD ,CT,2,0,0,1,2,13,0,1,3,0
LITTLE RIVER ,AR,0,0,0,0,0,3,0,0,0,0
LIVE OAK ,TX,0,1,0,0,0,2,0,1,0,0
LIVINGSTON ,IL,0,0,0,1,5,4,0,1,1,0
LIVINGSTON ,KY,0,0,0,0,2,0,0,2,0,0
LIVINGSTON ,LA,0,1,0,1,2,11,0,3,0,0
LIVINGSTON ,MI,0,0,1,0,3,12,0,2,1,0
LIVINGSTON ,MO,0,0,0,0,1,1,0,1,0,0
LIVINGSTON ,NY,1,0,0,0,2,8,0,1,2,0
LLANO ,TX,1,1,0,0,2,5,0,2,1,0
LOGAN ,AR,0,0,0,0,3,2,0,1,0,0
LOGAN ,CO,1,0,0,0,1,3,0,0,1,0
LOGAN ,IL,0,0,0,0,4,1,0,2,0,0
LOGAN ,KS,0,0,0,0,1,0,0,0,0,0
LOGAN ,KY,1,0,0,0,2,2,0,1,0,0
LOGAN ,NE,0,0,0,0,1,0,0,0,0,0
LOGAN ,OH,0,0,0,1,2,4,0,1,0,0
LOGAN ,OK,0,0,0,0,2,4,0,1,0,0
LOGAN ,WV,0,0,0,0,2,1,0,0,1,0
LONG ,GA,1,0,0,0,0,0,0,1,0,0
LONOKE ,AR,0,0,0,0,2,5,0,2,0,0
LORAIN ,OH,1,1,1,1,2,20,0,1,3,0
LOS ALAMOS ,NM,0,0,0,0,1,5,0,1,3,0
LOS ANGELES ,CA,13,2,8,5,10,106,5,5,17,3
LOUDON ,TN,0,0,0,1,1,5,0,2,0,0
LOUDOUN ,VA,3,0,1,0,3,16,0,3,2,0
LOUISA ,IA,1,0,0,0,0,0,0,3,0,0
LOUISA ,VA,1,0,0,0,2,0,0,0,0,0
LOVE ,OK,0,0,0,0,1,3,0,0,0,0
LOWNDES ,AL,0,0,0,0,1,4,0,1,1,0
LOWNDES ,GA,1,1,0,1,1,11,0,1,0,0
LOWNDES ,MS,0,0,0,1,3,5,0,1,1,0
LUBBOCK ,TX,1,1,1,0,1,13,1,0,1,0
LUCAS ,IA,1,0,0,0,1,1,0,3,0,0
LUCAS ,OH,2,1,2,1,4,19,0,3,1,0
LUCE ,MI,0,0,0,0,0,0,0,1,0,0
LUMPKIN ,GA,0,0,0,0,0,3,0,2,1,0
LUNA ,NM,1,0,1,0,4,8,0,1,2,0
LUNENBURG ,VA,1,0,0,0,1,1,0,3,0,0
LUZERNE ,PA,1,0,0,2,2,17,0,3,3,0
LYCOMING ,PA,0,0,0,0,3,12,0,4,1,0
LYMAN ,SD,0,0,0,0,0,0,0,1,0,0
LYNCHBURG CITY ,VA,0,0,0,0,2,9,0,4,0,0
LYNN ,TX,0,0,0,0,0,0,0,1,0,0
LYON ,IA,0,0,0,0,0,0,0,2,0,0
LYON ,KS,0,0,0,1,3,1,0,0,0,0
LYON ,KY,1,0,0,0,2,1,0,2,0,0
LYON ,MN,2,0,3,0,0,4,0,2,0,0
LYON ,NV,3,0,1,0,3,10,0,1,0,0
MACKINAC ,MI,0,0,0,1,1,1,0,1,0,0
MACOMB ,MI,2,1,1,1,2,27,1,2,1,0
MACON ,AL,0,0,0,0,1,4,0,1,0,0
MACON ,GA,0,0,0,0,0,0,0,1,0,0
MACON ,IL,0,0,0,0,4,11,0,2,0,0
MACON ,MO,0,0,0,0,4,6,0,1,0,0
MACON ,NC,0,0,0,0,1,6,0,3,2,0
MACON ,TN,0,0,0,1,0,3,0,1,0,0
MACOUPIN ,IL,1,0,0,0,5,3,0,1,1,0
MADERA ,CA,3,1,0,0,2,10,0,2,0,0
MADISON ,AL,1,0,1,0,5,17,0,2,3,0
MADISON ,AR,0,0,0,0,0,0,0,3,0,0
MADISON ,FL,1,0,0,0,0,8,0,0,0,0
MADISON ,GA,0,0,0,0,0,2,0,2,2,0
MADISON ,IA,1,0,0,0,0,1,0,4,0,0
MADISON ,ID,0,0,0,0,1,1,0,2,1,0
MADISON ,IL,1,1,0,2,6,11,0,2,2,0
MADISON ,IN,1,0,0,0,1,7,0,2,1,0
MADISON ,KY,0,0,0,1,1,2,0,3,2,0
MADISON ,LA,0,0,0,0,2,3,0,0,0,0
MADISON ,MO,0,0,0,0,4,2,0,1,0,0
MADISON ,MS,0,0,0,0,1,7,0,1,1,0
MADISON ,MT,0,0,0,1,1,0,0,1,0,0
MADISON ,NC,0,0,0,0,2,3,0,3,0,0
MADISON ,NE,0,0,0,0,1,0,0,3,0,0
MADISON ,NY,0,0,1,1,2,3,1,1,1,0
MADISON ,OH,0,0,0,2,1,8,0,1,1,0
MADISON ,TN,0,0,0,0,3,6,0,2,0,0
MADISON ,TX,1,0,0,0,0,2,0,1,0,0
MADISON ,VA,1,0,0,0,1,0,0,2,1,0
MAGOFFIN ,KY,0,0,0,0,2,0,0,1,0,0
MAHASKA ,IA,1,0,0,0,1,0,0,3,0,0
MAHNOMEN ,MN,2,0,1,0,0,2,0,2,0,0
MAHONING ,OH,1,0,1,2,2,19,0,0,1,1
MAJOR ,OK,1,0,0,0,1,2,0,0,0,0
MALHEUR ,OR,0,1,0,1,1,6,0,1,0,0
MANASSAS CITY ,VA,1,0,0,0,2,6,0,1,0,0
MANASSAS PARK CITY ,VA,1,0,0,0,1,2,0,0,0,0
MANATEE ,FL,5,1,0,4,7,54,0,4,5,0
MANISTEE ,MI,0,0,0,0,1,5,0,1,0,0
MANITOWOC ,WI,3,0,0,0,1,1,0,2,1,0
MARATHON ,WI,1,0,2,0,0,6,0,3,0,0
MARENGO ,AL,0,0,0,0,1,5,0,0,0,0
MARICOPA ,AZ,16,1,6,6,12,105,5,7,17,2
MARIES ,MO,0,0,0,0,1,1,0,0,0,0
MARIN ,CA,4,1,1,2,3,20,3,1,2,0
MARINETTE ,WI,0,0,0,0,3,4,0,3,0,0
MARION ,AL,0,0,0,1,2,5,0,0,0,0
MARION ,AR,1,0,0,0,4,4,0,2,0,0
MARION ,FL,6,1,2,3,8,52,1,3,5,0
MARION ,GA,0,0,0,0,0,3,0,1,0,0
MARION ,IA,1,0,0,0,0,1,0,3,0,0
MARION ,IL,1,0,0,0,3,2,0,0,0,0
MARION ,IN,3,0,1,3,6,32,3,1,4,1
MARION ,KS,1,0,0,0,2,2,0,0,0,0
MARION ,KY,0,1,0,0,0,5,0,3,0,0
MARION ,MO,0,0,0,0,1,1,0,0,0,0
MARION ,MS,0,0,0,0,1,3,0,1,0,0
MARION ,OH,0,0,0,0,2,7,0,1,0,0
MARION ,OR,4,0,3,3,3,27,1,4,3,0
MARION ,SC,0,0,0,0,0,7,0,3,0,0
MARION ,TN,0,0,0,0,3,6,0,2,1,0
MARION ,TX,0,0,0,0,1,3,0,1,0,1
MARION ,WV,1,0,0,1,1,6,0,0,1,0
MARIPOSA ,CA,1,1,1,1,0,8,0,0,1,0
MARLBORO ,SC,0,0,0,0,1,1,0,2,0,0
MARQUETTE ,MI,0,0,0,0,1,3,0,3,0,0
MARQUETTE ,WI,2,0,0,0,2,2,0,3,1,0
MARSHALL ,AL,0,1,0,0,5,9,0,1,0,1
MARSHALL ,IA,1,0,1,0,0,1,0,5,0,0
MARSHALL ,IL,0,0,0,1,3,2,0,4,0,0
MARSHALL ,IN,0,1,0,0,2,1,0,3,1,0
MARSHALL ,KS,0,0,0,0,1,0,0,0,0,0
MARSHALL ,KY,0,0,0,1,3,3,0,2,0,0
MARSHALL ,MN,2,1,2,0,0,3,0,2,0,0
MARSHALL ,MS,0,0,0,0,2,5,0,1,0,0
MARSHALL ,OK,0,0,0,0,1,3,0,0,0,0
MARSHALL ,SD,0,0,0,0,0,1,0,1,0,0
MARSHALL ,TN,0,0,0,1,0,2,0,2,0,0
MARSHALL ,WV,1,0,0,1,1,5,0,0,0,0
MARTIN ,FL,4,1,2,1,4,43,0,1,5,0
MARTIN ,IN,1,0,0,0,0,2,0,0,0,0
MARTIN ,KY,0,0,0,0,2,1,0,1,0,0
MARTIN ,MN,3,0,2,0,0,3,0,2,0,0
MARTIN ,NC,0,0,0,0,0,2,0,1,0,0
MARTIN ,TX,0,0,0,0,0,0,0,1,0,0
MARTINSVILLE CITY ,VA,0,0,0,0,1,0,0,4,0,0
MASON ,IL,2,0,0,1,2,1,0,2,0,0
MASON ,KY,0,0,0,0,2,1,0,2,0,0
MASON ,MI,0,0,0,0,0,6,0,1,0,0
MASON ,TX,1,0,0,0,0,1,0,0,0,0
MASON ,WA,1,0,3,0,2,14,0,2,1,0
MASON ,WV,0,0,0,0,2,0,0,0,1,0
MASSAC ,IL,0,0,0,0,2,1,0,0,0,0
MATAGORDA ,TX,1,1,0,0,2,5,0,1,0,1
MATANUSKA SUSITNA ,AK,3,0,1,0,2,11,0,0,0,0
MATHEWS ,VA,0,0,0,0,1,1,0,3,1,0
MAUI ,HI,3,0,2,0,1,11,0,2,1,0
MAURY ,TN,0,0,1,1,3,7,0,2,0,0
MAVERICK ,TX,2,0,0,0,0,8,0,1,0,0
MAYES ,OK,0,0,0,0,2,6,0,2,0,0
MCCLAIN ,OK,0,0,0,0,1,3,0,1,0,0
MCCONE ,MT,0,0,0,0,0,0,0,1,0,0
MCCOOK ,SD,0,0,0,0,0,0,0,1,0,0
MCCORMICK ,SC,0,0,0,0,1,2,0,2,0,0
MCCRACKEN ,KY,1,0,0,1,3,1,0,2,0,0
MCCREARY ,KY,0,0,0,0,1,2,0,0,0,0
MCCULLOCH ,TX,0,0,0,0,1,1,0,1,0,0
MCCURTAIN ,OK,0,0,0,0,2,3,0,1,1,0
MCDONALD ,MO,0,0,0,0,0,1,0,2,0,0
MCDONOUGH ,IL,1,0,0,1,3,1,0,2,1,0
MCDOWELL ,NC,0,1,0,0,1,1,0,3,0,0
MCDOWELL ,WV,0,0,0,0,1,2,0,0,1,0
MCDUFFIE ,GA,0,0,0,0,1,1,0,2,0,0
MCHENRY ,IL,3,0,3,1,6,20,0,4,2,0
MCHENRY ,ND,2,0,1,0,0,2,0,0,0,0
MCINTOSH ,GA,0,0,0,0,0,0,0,2,0,0
MCINTOSH ,ND,0,0,0,0,0,0,0,1,0,0
MCINTOSH ,OK,0,0,1,0,2,5,0,2,0,0
MCKEAN ,PA,0,0,0,0,1,3,0,1,1,0
MCKINLEY ,NM,0,0,0,0,3,6,0,1,1,0
MCLEAN ,IL,0,0,0,1,2,9,0,3,2,0
MCLEAN ,KY,1,0,0,0,1,0,0,1,0,0
MCLEAN ,ND,0,0,0,0,1,1,0,1,0,0
MCLENNAN ,TX,2,0,1,0,2,8,1,2,1,1
MCLEOD ,MN,3,0,2,0,0,1,0,2,0,0
MCMINN ,TN,0,0,0,0,1,6,0,2,0,0
MCMULLEN ,TX,0,0,0,0,0,1,0,0,0,0
MCNAIRY ,TN,0,0,0,0,2,5,0,2,0,0
MCPHERSON ,KS,0,0,0,0,2,1,0,1,0,0
MCPHERSON ,NE,0,0,0,0,1,0,0,0,0,0
MCPHERSON ,SD,0,0,0,0,0,0,0,1,0,0
MEADE ,KY,0,0,0,0,1,3,0,1,0,0
MEADE ,SD,0,0,0,0,0,1,0,2,0,0
MEAGHER ,MT,0,0,0,0,1,1,0,1,0,0
MECKLENBURG ,NC,2,2,2,3,6,39,1,3,6,0
MECKLENBURG ,VA,0,0,0,0,1,1,0,4,0,0
MECOSTA ,MI,0,0,0,0,0,3,0,3,1,0
MEDINA ,OH,2,0,0,1,2,18,0,0,1,0
MEDINA ,TX,1,1,1,0,2,4,0,1,1,0
MEEKER ,MN,3,0,3,0,0,6,0,2,1,0
MEIGS ,OH,1,0,0,0,4,1,0,1,0,0
MEIGS ,TN,0,0,0,0,1,3,0,2,0,0
MENARD ,IL,0,0,0,0,2,1,0,1,0,0
MENARD ,TX,0,0,0,0,0,0,0,1,0,0
MENDOCINO ,CA,3,1,2,1,1,12,0,0,1,0
MENIFEE ,KY,0,0,0,0,1,1,0,2,0,0
MENOMINEE ,MI,0,0,0,0,3,2,0,4,0,0
MENOMINEE ,WI,0,0,0,0,0,0,0,3,0,0
MERCED ,CA,3,1,3,0,2,11,0,3,0,1
MERCER ,IL,2,0,0,1,0,4,0,3,0,0
MERCER ,KY,0,0,0,0,1,0,0,3,0,0
MERCER ,MO,1,0,0,0,0,0,0,0,0,0
MERCER ,ND,0,0,1,0,0,2,0,1,0,0
MERCER ,NJ,0,1,2,3,3,27,0,1,3,0
MERCER ,OH,0,0,0,0,1,5,0,1,0,0
MERCER ,PA,0,0,1,1,4,13,0,2,1,0
MERCER ,WV,0,0,0,0,4,5,0,0,1,0
MERIWETHER ,GA,0,0,0,0,0,2,0,3,1,0
MERRICK ,NE,0,0,0,0,1,2,0,2,0,0
MERRIMACK ,NH,0,0,1,1,0,13,0,0,2,0
MESA ,CO,4,0,2,0,4,16,0,3,2,0
METCALFE ,KY,0,0,1,0,1,1,0,2,0,0
MIAMI ,IN,1,0,0,0,2,0,0,2,0,0
MIAMI ,KS,0,0,1,1,4,4,0,1,1,0
MIAMI ,OH,0,0,0,1,1,6,0,1,2,0
MIAMI-DADE ,FL,3,2,4,3,3,67,2,3,12,4
MIDDLESEX ,CT,0,0,1,0,3,20,0,0,4,0
MIDDLESEX ,MA,4,1,5,3,4,50,8,0,6,0
MIDDLESEX ,NJ,2,1,3,4,3,36,0,1,4,0
MIDDLESEX ,VA,1,0,0,0,2,1,0,1,0,0
MIDLAND ,MI,0,0,0,0,3,8,0,2,0,0
MIDLAND ,TX,2,1,0,0,1,10,0,1,0,1
MIFFLIN ,PA,0,0,0,0,1,7,0,3,1,0
MILAM ,TX,2,0,0,0,2,3,0,0,0,0
MILLARD ,UT,0,0,1,0,1,1,0,3,0,0
MILLE LACS ,MN,3,0,3,0,0,3,0,4,0,0
MILLER ,AR,0,0,0,0,2,5,0,0,0,0
MILLER ,GA,0,0,0,0,0,0,0,1,0,0
MILLER ,MO,0,0,0,0,4,2,0,0,0,0
MILLS ,IA,0,0,0,0,1,2,0,2,0,0
MILLS ,TX,1,0,0,1,1,0,0,0,0,0
MILWAUKEE ,WI,3,0,2,0,3,39,1,3,3,0
MINER ,SD,0,0,0,0,0,0,0,2,0,0
MINERAL ,CO,2,0,0,0,0,0,0,0,0,0
MINERAL ,MT,0,0,0,0,0,1,0,1,0,0
MINERAL ,NV,0,0,1,0,0,7,0,0,0,0
MINERAL ,WV,0,0,0,0,1,1,0,0,0,0
MINGO ,WV,0,0,0,0,1,2,0,0,0,0
MINIDOKA ,ID,1,0,0,1,1,2,0,2,0,0
MINNEHAHA ,SD,4,0,4,0,2,12,0,3,0,0
MISSAUKEE ,MI,0,0,0,0,1,2,0,2,0,0
MISSISSIPPI ,AR,0,0,1,0,1,3,0,2,0,0
MISSISSIPPI ,MO,0,0,0,0,0,2,0,0,0,0
MISSOULA ,MT,1,0,2,0,2,14,0,2,1,0
MITCHELL ,GA,0,0,0,0,1,1,0,1,0,0
MITCHELL ,IA,0,0,1,0,0,1,0,2,0,0
MITCHELL ,KS,0,0,0,0,2,0,0,0,0,0
MITCHELL ,NC,0,0,0,0,0,2,0,3,0,0
MITCHELL ,TX,0,0,0,0,2,1,0,1,0,0
MOBILE ,AL,2,1,0,2,2,17,0,2,1,1
MODOC ,CA,1,1,0,0,0,5,0,0,0,0
MOFFAT ,CO,1,0,0,0,1,4,0,0,0,0
MOHAVE ,AZ,5,1,2,1,5,34,0,4,4,3
MONITEAU ,MO,0,0,0,0,1,0,0,0,0,0
MONMOUTH ,NJ,3,1,2,3,6,32,0,1,1,1
MONO ,CA,0,0,0,0,1,3,0,0,0,0
MONONA ,IA,0,0,0,0,1,3,0,2,0,0
MONONGALIA ,WV,0,0,0,0,1,8,0,1,1,0
MONROE ,AL,1,0,1,0,1,2,0,0,0,0
MONROE ,AR,0,0,0,0,0,1,0,0,0,0
MONROE ,FL,6,1,0,1,3,27,0,2,3,2
MONROE ,GA,0,0,0,0,1,2,0,2,1,0
MONROE ,IA,1,0,0,0,0,0,0,1,0,0
MONROE ,IL,0,0,1,1,5,5,0,1,0,0
MONROE ,IN,1,0,0,0,3,10,0,2,0,0
MONROE ,KY,0,0,0,0,0,2,0,2,0,0
MONROE ,MI,1,0,1,0,2,12,0,1,0,0
MONROE ,MO,0,0,0,0,1,2,0,1,1,0
MONROE ,MS,0,0,0,0,3,4,0,1,0,0
MONROE ,NY,4,0,2,3,3,44,1,2,6,0
MONROE ,OH,2,0,0,1,1,3,0,0,1,0
MONROE ,PA,0,0,2,3,4,26,0,2,3,0
MONROE ,TN,0,0,1,0,1,7,0,2,1,0
MONROE ,WI,0,0,1,0,1,6,0,3,0,0
MONROE ,WV,0,0,0,0,2,1,0,0,0,0
MONTAGUE ,TX,0,0,0,0,1,2,0,2,0,0
MONTCALM ,MI,0,0,0,0,0,3,0,2,0,0
MONTEREY ,CA,3,1,1,1,2,22,0,1,1,0
MONTEZUMA ,CO,2,0,0,0,2,8,0,0,0,0
MONTGOMERY ,AL,0,0,1,0,5,15,0,1,3,0
MONTGOMERY ,AR,0,0,0,0,1,1,0,0,0,0
MONTGOMERY ,GA,0,0,0,0,0,1,0,1,0,0
MONTGOMERY ,IA,0,0,0,0,0,0,0,2,1,0
MONTGOMERY ,IL,0,0,0,0,2,2,0,1,1,0
MONTGOMERY ,IN,4,0,0,0,1,4,0,1,1,0
MONTGOMERY ,KS,0,0,0,0,2,4,0,1,0,0
MONTGOMERY ,KY,0,0,0,0,2,3,0,3,0,0
MONTGOMERY ,MD,3,0,5,3,6,34,0,2,5,1
MONTGOMERY ,MO,0,0,0,1,3,2,0,0,0,0
MONTGOMERY ,MS,0,0,0,0,1,2,0,0,0,0
MONTGOMERY ,NC,0,0,0,0,1,2,0,3,0,0
MONTGOMERY ,NY,0,0,1,1,0,9,0,2,1,0
MONTGOMERY ,OH,0,1,1,3,3,21,0,1,3,0
MONTGOMERY ,PA,2,0,2,3,3,32,1,2,8,2
MONTGOMERY ,TN,1,0,0,1,3,13,0,3,0,0
MONTGOMERY ,TX,1,1,0,1,5,27,0,3,3,1
MONTGOMERY ,VA,1,0,0,0,1,7,0,2,0,0
MONTMORENCY ,MI,0,0,0,1,1,1,0,1,0,0
MONTOUR ,PA,0,0,0,0,1,6,0,2,0,0
MONTROSE ,CO,2,0,0,0,2,10,0,1,1,0
MOODY ,SD,0,0,1,0,0,0,0,1,0,0
MOORE ,NC,0,0,0,0,1,7,0,4,0,0
MOORE ,TN,0,0,0,0,0,2,0,1,0,0
MOORE ,TX,0,0,0,0,1,1,0,0,0,0
MORA ,NM,0,0,0,0,1,4,0,0,1,0
MOREHOUSE ,LA,0,0,1,0,2,3,0,0,0,1
MORGAN ,AL,1,0,2,0,1,15,0,0,2,0
MORGAN ,CO,1,0,0,0,1,2,0,1,1,0
MORGAN ,GA,0,0,0,0,0,3,0,2,1,0
MORGAN ,IL,0,0,0,0,3,3,0,2,1,0
MORGAN ,IN,1,0,0,1,1,3,0,2,1,0
MORGAN ,KY,0,0,0,0,1,1,0,2,0,0
MORGAN ,MO,0,0,0,0,5,6,0,1,0,0
MORGAN ,OH,0,0,1,0,1,3,0,1,0,0
MORGAN ,TN,0,0,0,0,1,3,0,1,0,0
MORGAN ,UT,0,0,0,0,3,1,0,4,1,0
MORGAN ,WV,1,0,0,0,2,1,0,0,1,0
MORRILL ,NE,0,0,0,0,0,0,0,2,0,0
MORRIS ,KS,0,0,0,0,2,0,0,1,0,0
MORRIS ,NJ,0,0,2,3,3,34,0,2,1,1
MORRIS ,TX,0,0,0,0,1,1,0,2,0,0
MORRISON ,MN,3,0,4,0,0,3,0,3,0,0
MORROW ,OH,0,0,0,1,1,5,0,1,0,0
MORROW ,OR,1,0,0,0,1,4,0,1,0,0
MORTON ,ND,1,0,0,0,0,3,0,1,0,0
MOULTRIE ,IL,0,0,0,0,3,1,0,3,1,0
MOUNTRAIL ,ND,1,0,0,0,0,0,0,1,0,0
MOWER ,MN,3,0,3,0,1,2,0,3,0,0
MUHLENBERG ,KY,1,0,0,0,2,4,0,0,0,0
MULTNOMAH ,OR,5,1,3,2,3,40,2,5,7,0
MURRAY ,GA,0,0,0,0,0,0,0,3,0,0
MURRAY ,MN,3,0,3,0,0,1,0,1,0,0
MURRAY ,OK,0,0,0,0,2,2,0,1,0,0
MUSCATINE ,IA,1,0,0,0,1,1,0,3,0,0
MUSCOGEE ,GA,1,3,0,0,4,10,0,2,1,0
MUSKEGON ,MI,0,0,0,0,1,8,0,4,1,0
MUSKINGUM ,OH,1,0,0,1,1,8,0,1,0,0
MUSKOGEE ,OK,0,0,0,0,2,7,1,2,0,0
MUSSELSHELL ,MT,0,0,0,0,1,0,0,1,0,0
NACOGDOCHES ,TX,0,0,0,0,1,7,0,1,0,0
NANCE ,NE,0,0,0,0,1,1,0,2,0,0
NANTUCKET ,MA,0,0,0,0,0,1,0,0,1,0
NAPA ,CA,3,1,1,0,1,17,2,2,1,0
NASH ,NC,2,0,0,0,1,8,0,3,1,0
NASSAU ,FL,0,0,0,0,1,14,0,1,2,0
NASSAU ,NY,1,1,2,4,5,52,2,1,10,2
NATCHITOCHES ,LA,0,1,0,0,1,5,0,1,0,0
NATRONA ,WY,1,1,0,0,2,7,0,1,0,0
NAVAJO ,AZ,0,2,2,1,4,12,0,2,1,0
NAVARRO ,TX,1,1,1,0,2,4,0,1,0,0
NELSON ,KY,0,0,0,0,2,1,0,2,0,0
NELSON ,ND,0,0,0,0,0,0,0,1,0,0
NELSON ,VA,0,0,0,0,2,0,0,2,0,0
NEMAHA ,KS,0,0,0,0,2,1,0,0,0,0
NEMAHA ,NE,0,0,0,0,0,0,0,1,0,0
NEOSHO ,KS,0,0,0,0,3,1,0,0,1,0
NESHOBA ,MS,0,0,0,0,1,2,0,1,0,0
NESS ,KS,0,0,0,0,1,1,0,0,0,0
NEVADA ,AR,0,0,0,0,1,0,0,0,0,0
NEVADA ,CA,2,1,2,0,2,13,0,1,1,1
NEW CASTLE ,DE,3,0,1,1,5,37,1,3,5,0
NEW HANOVER ,NC,2,1,0,2,4,19,0,3,0,0
NEW HAVEN ,CT,1,1,1,0,5,36,2,2,4,0
NEW KENT ,VA,0,0,0,0,2,2,0,2,0,0
NEW LONDON ,CT,1,1,0,0,1,22,0,1,2,0
NEW MADRID ,MO,0,0,0,0,2,4,0,0,0,0
NEW YORK ,NY,5,1,6,10,5,65,1,2,10,2
NEWAYGO ,MI,0,0,0,0,0,10,0,4,1,0
NEWBERRY ,SC,0,0,0,0,1,2,0,1,0,0
NEWPORT ,RI,0,0,0,0,0,9,0,0,1,0
NEWPORT NEWS CITY ,VA,0,0,0,0,3,9,0,4,2,0
NEWTON ,AR,0,0,0,0,1,0,0,1,0,0
NEWTON ,GA,0,0,0,2,1,11,0,2,2,0
NEWTON ,IN,1,0,0,0,0,0,0,0,0,0
NEWTON ,MO,0,0,1,1,1,6,0,0,0,0
NEWTON ,MS,0,0,1,0,2,2,0,0,0,0
NEWTON ,TX,0,0,0,0,1,1,0,1,0,1
NEZ PERCE ,ID,1,0,1,0,2,2,0,2,1,0
NIAGARA ,NY,1,1,0,2,1,14,0,1,3,0
NICHOLAS ,KY,0,0,0,0,0,0,0,1,0,0
NICHOLAS ,WV,1,0,0,0,2,3,0,1,1,0
NICOLLET ,MN,3,0,1,0,1,2,0,3,0,0
NIOBRARA ,WY,0,0,0,0,0,2,0,0,0,0
NOBLE ,IN,0,0,0,0,2,3,0,3,0,0
NOBLE ,OH,1,0,0,0,1,2,0,1,0,0
NOBLE ,OK,0,0,0,0,1,1,0,1,1,0
NOBLES ,MN,3,0,3,0,1,3,0,2,0,0
NODAWAY ,MO,0,0,0,0,1,0,0,0,0,0
NOLAN ,TX,0,0,0,0,1,2,0,2,0,0
NORFOLK ,MA,3,0,6,3,1,36,4,0,4,0
NORFOLK CITY ,VA,0,0,0,0,2,14,0,4,2,0
NORMAN ,MN,1,0,1,0,0,1,0,3,0,0
NORTHAMPTON ,NC,1,0,0,0,1,1,0,2,0,0
NORTHAMPTON ,PA,0,1,2,3,3,23,0,2,5,0
NORTHAMPTON ,VA,0,0,0,1,1,3,0,2,1,0
NORTHUMBERLAND ,PA,0,0,0,1,0,12,0,3,0,0
NORTHUMBERLAND ,VA,1,0,0,0,1,2,0,1,0,0
NORTON ,KS,0,0,0,0,0,1,0,0,0,0
NORTON CITY ,VA,0,0,0,0,1,1,0,1,0,0
NOTTOWAY ,VA,0,0,0,0,1,2,0,2,0,0
NOWATA ,OK,1,0,0,0,1,2,0,2,0,0
NOXUBEE ,MS,0,0,0,0,0,1,0,1,0,0
NUCKOLLS ,NE,0,0,0,0,1,0,0,1,0,0
NUECES ,TX,4,2,0,0,3,18,0,4,1,1
NYE ,NV,2,0,2,1,1,19,0,3,2,0
OAKLAND ,MI,4,0,2,1,6,38,1,3,4,0
OBION ,TN,0,0,0,1,1,2,0,2,0,0
OBRIEN ,IA,0,0,0,0,1,0,0,3,0,0
OCEAN ,NJ,3,0,3,3,6,35,0,1,3,1
OCEANA ,MI,1,0,0,0,1,2,0,2,0,0
OCHILTREE ,TX,0,0,0,0,1,1,0,0,0,0
OCONEE ,GA,0,0,0,0,0,4,0,2,2,0
OCONEE ,SC,1,0,0,0,1,6,0,4,0,0
OCONTO ,WI,1,0,0,0,0,6,0,3,0,0
OGEMAW ,MI,0,0,0,1,2,7,0,1,0,0
OGLE ,IL,2,0,0,1,3,4,0,4,0,0
OGLETHORPE ,GA,0,0,0,0,0,2,0,1,2,0
OHIO ,IN,0,0,0,0,1,2,0,0,0,0
OHIO ,KY,1,0,1,0,1,2,0,2,0,0
OHIO ,WV,1,0,0,1,1,4,0,1,1,0
OKALOOSA ,FL,2,1,1,1,5,19,0,1,0,0
OKANOGAN ,WA,0,0,0,0,0,9,0,1,0,0
OKEECHOBEE ,FL,0,1,0,0,2,15,0,1,2,1
OKFUSKEE ,OK,0,0,0,0,0,4,0,1,0,0
OKLAHOMA ,OK,1,1,2,1,5,26,0,2,1,1
OKMULGEE ,OK,0,0,0,0,2,4,0,1,0,0
OKTIBBEHA ,MS,0,0,0,0,1,3,0,1,0,0
OLDHAM ,KY,2,0,0,1,2,5,0,1,1,0
OLIVER ,ND,0,0,0,0,0,0,0,1,0,0
OLMSTED ,MN,4,0,5,0,1,5,0,3,0,0
ONEIDA ,ID,0,0,0,0,1,0,0,0,1,0
ONEIDA ,NY,0,1,0,2,1,15,0,2,2,0
ONEIDA ,WI,1,0,0,0,2,8,0,3,0,0
ONONDAGA ,NY,5,0,2,1,2,27,1,1,1,0
ONSLOW ,NC,0,0,0,0,3,18,0,1,0,0
ONTARIO ,NY,1,0,0,0,2,11,0,2,1,0
ONTONAGON ,MI,0,0,0,0,1,3,0,2,0,0
ORANGE ,CA,8,3,4,3,8,69,1,5,13,2
ORANGE ,FL,5,1,3,4,8,62,0,3,10,2
ORANGE ,IN,0,0,0,0,1,1,0,1,0,0
ORANGE ,NC,0,0,0,1,1,10,0,3,2,0
ORANGE ,NY,1,1,1,3,4,27,1,2,3,0
ORANGE ,TX,1,1,1,0,1,5,0,1,0,1
ORANGE ,VA,1,0,0,0,2,1,0,1,1,0
ORANGE ,VT,0,0,0,0,2,6,0,1,0,0
ORANGEBURG ,SC,1,0,0,1,3,7,0,3,0,0
OREGON ,MO,0,0,0,0,0,6,0,2,0,0
ORLEANS ,LA,0,2,3,1,2,25,2,3,3,1
ORLEANS ,NY,1,0,0,1,1,10,0,0,1,0
ORLEANS ,VT,0,1,0,0,0,4,0,1,0,0
OSAGE ,KS,0,0,0,0,2,1,0,1,0,0
OSAGE ,MO,0,0,0,0,1,0,0,0,0,0
OSAGE ,OK,0,0,0,0,1,4,0,3,0,0
OSBORNE ,KS,0,0,0,0,1,0,0,0,0,0
OSCEOLA ,FL,4,1,1,2,5,45,0,2,7,1
OSCEOLA ,IA,0,0,1,0,0,1,0,2,0,0
OSCEOLA ,MI,0,0,0,0,1,1,0,1,0,0
OSCODA ,MI,0,0,0,0,0,2,0,1,0,0
OSWEGO ,NY,1,0,1,0,3,7,1,2,1,0
OTERO ,CO,1,1,0,0,2,4,0,0,1,0
OTERO ,NM,1,0,0,0,3,6,1,1,1,0
OTOE ,NE,0,0,0,0,1,3,0,2,0,0
OTSEGO ,MI,0,0,0,0,0,3,0,3,0,0
OTSEGO ,NY,0,0,1,1,2,9,0,1,1,0
OTTAWA ,KS,0,0,0,0,2,0,0,0,0,0
OTTAWA ,MI,0,0,1,0,2,16,0,4,0,0
OTTAWA ,OH,1,0,0,1,1,8,0,1,1,0
OTTAWA ,OK,1,0,0,0,4,2,0,1,0,0
OTTER TAIL ,MN,3,0,3,0,1,8,0,4,0,0
OUACHITA ,AR,0,0,0,0,1,4,0,1,0,0
OUACHITA ,LA,1,1,0,0,3,8,0,1,1,0
OURAY ,CO,1,0,0,0,0,3,0,0,0,0
OUTAGAMIE ,WI,1,0,1,0,1,7,0,3,1,0
OVERTON ,TN,0,1,0,0,2,2,0,2,0,0
OWEN ,IN,1,0,0,0,1,0,0,3,0,0
OWEN ,KY,0,0,0,0,1,1,0,2,1,0
OWSLEY ,KY,0,0,0,0,0,0,0,1,0,0
OWYHEE ,ID,2,0,0,0,1,3,0,2,0,0
OXFORD ,ME,0,0,0,0,0,5,0,0,1,0
OZARK ,MO,0,0,0,0,1,5,0,2,0,0
OZAUKEE ,WI,2,0,1,0,1,6,0,3,1,0
PACIFIC ,WA,2,0,1,1,2,10,0,1,0,0
PAGE ,IA,0,0,0,0,1,1,0,2,0,0
PAGE ,VA,1,0,0,0,0,1,0,2,0,0
PALM BEACH ,FL,9,1,5,12,10,84,1,8,17,3
PALO ALTO ,IA,1,0,0,0,0,1,0,1,0,0
PALO PINTO ,TX,1,0,0,0,2,2,0,0,0,1
PAMLICO ,NC,0,0,0,0,0,2,0,0,0,0
PANOLA ,MS,0,0,0,0,3,2,0,1,1,0
PANOLA ,TX,0,1,0,0,1,3,0,2,0,1
PARK ,CO,1,0,0,0,0,7,1,1,0,0
PARK ,MT,2,0,0,0,1,2,0,2,0,0
PARK ,WY,1,0,0,0,2,5,0,1,0,0
PARKE ,IN,1,0,0,0,1,1,0,0,0,0
PARKER ,TX,1,1,1,0,3,6,0,2,1,0
PARMER ,TX,0,0,0,0,1,0,0,0,0,0
PASCO ,FL,5,1,1,7,8,74,0,3,5,0
PASQUOTANK ,NC,1,0,0,1,0,2,0,1,0,0
PASSAIC ,NJ,1,1,1,3,5,27,0,1,0,0
PATRICK ,VA,0,0,0,0,2,1,0,3,0,0
PAULDING ,GA,0,0,1,1,3,10,0,2,1,0
PAULDING ,OH,0,0,0,1,1,0,0,1,0,0
PAWNEE ,KS,0,0,0,0,1,2,0,0,0,0
PAWNEE ,NE,0,0,0,0,1,1,0,3,0,0
PAWNEE ,OK,2,0,0,1,1,4,0,2,0,0
PAYETTE ,ID,1,0,0,0,1,4,0,2,2,0
PAYNE ,OK,0,0,1,0,2,8,0,1,1,0
PEACH ,GA,0,0,0,0,0,2,0,1,0,0
PEARL RIVER ,MS,0,0,0,0,2,5,0,0,0,0
PECOS ,TX,0,0,0,0,1,0,0,0,0,0
PEMBINA ,ND,0,0,1,0,2,0,0,1,0,0
PEMISCOT ,MO,0,0,0,0,0,3,0,0,0,0
PEND OREILLE ,WA,1,0,0,0,1,2,0,2,0,0
PENDER ,NC,0,1,2,0,1,4,0,2,0,0
PENDLETON ,KY,0,0,0,1,2,2,0,2,2,0
PENDLETON ,WV,0,0,0,0,1,0,0,1,0,0
PENNINGTON ,MN,3,0,2,0,0,1,0,2,0,0
PENNINGTON ,SD,0,0,1,0,2,18,0,2,0,0
PENOBSCOT ,ME,0,0,1,0,1,8,0,2,0,0
PEORIA ,IL,1,0,0,1,5,11,0,5,1,0
PEPIN ,WI,0,0,0,0,0,1,0,3,0,0
PERKINS ,NE,1,0,0,0,1,1,0,1,0,0
PERQUIMANS ,NC,0,0,0,0,2,1,0,3,0,0
PERRY ,AL,0,0,0,1,1,1,0,0,0,0
PERRY ,AR,0,0,0,0,2,2,0,1,0,0
PERRY ,IL,0,0,0,0,3,0,0,0,0,0
PERRY ,IN,1,0,0,0,1,0,0,1,0,0
PERRY ,KY,0,0,0,0,1,2,0,2,0,0
PERRY ,MO,0,0,0,0,3,2,0,0,0,0
PERRY ,MS,0,0,0,0,1,2,0,0,0,0
PERRY ,OH,0,0,0,0,1,4,0,1,0,0
PERRY ,PA,0,0,0,1,1,6,0,3,2,0
PERRY ,TN,0,0,0,0,2,1,0,2,0,0
PERSHING ,NV,0,0,0,0,0,2,0,0,0,0
PERSON ,NC,0,0,0,0,1,2,0,3,1,0
PETERSBURG CITY ,VA,1,0,0,1,3,6,0,2,0,0
PETTIS ,MO,0,0,1,0,2,4,0,2,0,0
PHELPS ,MO,0,0,1,0,4,4,0,0,0,0
PHELPS ,NE,0,0,0,0,2,0,0,3,0,0
PHILADELPHIA ,PA,2,1,2,2,3,51,1,3,6,1
PHILLIPS ,AR,0,0,0,0,2,2,0,1,0,0
PHILLIPS ,CO,1,0,0,0,0,0,0,0,0,0
PHILLIPS ,MT,0,0,0,0,0,1,0,1,0,0
PIATT ,IL,0,0,0,0,2,1,0,2,1,0
PICKAWAY ,OH,0,0,0,0,2,6,0,1,0,0
PICKENS ,AL,0,0,0,0,2,2,0,0,0,0
PICKENS ,GA,0,0,0,0,2,2,0,2,1,0
PICKENS ,SC,0,0,1,0,0,7,0,3,1,0
PICKETT ,TN,0,0,0,0,1,2,0,2,0,0
PIERCE ,GA,0,0,0,0,0,2,0,1,0,0
PIERCE ,ND,1,0,0,0,0,0,0,1,0,0
PIERCE ,NE,0,0,0,0,0,0,0,3,0,0
PIERCE ,WA,5,0,3,1,3,41,1,3,3,0
PIERCE ,WI,2,0,1,0,0,3,0,2,0,0
PIKE ,AL,0,0,0,0,0,4,0,0,0,0
PIKE ,AR,0,0,0,0,0,1,0,0,0,1
PIKE ,GA,0,0,0,0,0,1,0,2,1,0
PIKE ,IL,0,0,0,0,2,1,0,2,1,0
PIKE ,IN,1,0,0,0,1,1,0,0,0,0
PIKE ,KY,0,0,0,0,3,2,0,1,0,0
PIKE ,MO,0,0,0,0,3,3,0,0,0,0
PIKE ,MS,1,0,0,0,1,5,0,0,0,0
PIKE ,OH,0,0,0,0,2,0,0,0,1,0
PIKE ,PA,1,0,1,1,2,13,0,3,1,0
PIMA ,AZ,13,2,3,4,9,60,2,6,9,0
PINAL ,AZ,8,2,4,4,7,38,0,5,7,0
PINE ,MN,3,0,2,0,0,5,0,3,0,0
PINELLAS ,FL,8,1,2,10,12,86,0,5,9,0
PIPESTONE ,MN,2,0,3,0,0,3,0,2,0,0
PITKIN ,CO,1,0,1,0,0,4,0,0,0,0
PITT ,NC,0,0,1,1,1,13,0,1,0,0
PITTSBURG ,OK,0,0,1,0,2,3,0,1,0,0
PITTSYLVANIA ,VA,0,0,0,0,2,4,0,4,0,0
PIUTE ,UT,0,0,1,0,1,0,0,2,0,0
PLACER ,CA,3,1,3,1,4,29,1,2,2,0
PLAQUEMINES ,LA,0,0,0,1,1,3,0,1,1,0
PLATTE ,MO,0,1,0,0,3,9,0,1,1,0
PLATTE ,NE,1,0,0,0,1,1,0,3,0,0
PLATTE ,WY,1,0,0,0,0,2,0,0,0,0
PLEASANTS ,WV,0,0,0,0,1,0,0,0,0,0
PLUMAS ,CA,1,1,2,0,2,8,1,0,0,0
PLYMOUTH ,IA,1,0,0,0,1,2,0,3,0,0
PLYMOUTH ,MA,1,1,4,1,2,23,4,2,5,0
POCAHONTAS ,IA,0,0,0,0,0,0,0,2,0,0
POCAHONTAS ,WV,0,0,0,0,2,0,0,0,0,0
POINSETT ,AR,0,0,0,0,1,0,0,1,0,0
POINTE COUPEE ,LA,0,1,0,1,2,5,0,2,0,0
POLK ,AR,0,0,0,0,3,3,0,0,0,1
POLK ,FL,9,1,3,4,7,57,0,3,6,2
POLK ,GA,0,0,0,0,1,2,0,1,1,0
POLK ,IA,2,0,1,1,8,15,0,5,1,0
POLK ,MN,3,0,1,0,0,2,0,4,0,0
POLK ,MO,0,0,0,0,2,9,0,3,0,0
POLK ,NC,1,0,0,0,1,5,0,5,0,0
POLK ,NE,0,0,0,0,1,0,0,3,0,0
POLK ,OR,4,0,2,1,1,14,0,3,2,0
POLK ,TN,0,0,0,0,0,2,0,2,0,0
POLK ,TX,6,2,3,1,3,40,0,3,1,1
POLK ,WI,2,0,2,0,2,6,0,2,0,0
PONDERA ,MT,0,0,0,0,0,0,0,1,0,0
PONTOTOC ,MS,0,1,0,0,2,2,0,1,0,0
PONTOTOC ,OK,0,0,0,0,1,5,0,2,0,0
POPE ,AR,1,0,0,0,3,6,0,1,0,0
POPE ,IL,0,0,0,0,3,0,0,0,0,0
POPE ,MN,3,0,1,0,0,1,0,2,0,0
POQUOSON CITY ,VA,0,0,0,0,1,0,0,3,0,0
PORTAGE ,OH,1,0,0,2,3,10,0,1,2,0
PORTAGE ,WI,0,0,2,0,0,3,1,2,1,0
PORTER ,IN,1,1,0,0,5,9,0,1,0,0
PORTSMOUTH CITY ,VA,1,0,0,0,2,6,0,4,1,0
POSEY ,IN,1,0,0,0,2,1,0,3,0,0
POTTAWATOMIE ,KS,0,0,0,0,2,0,0,1,0,0
POTTAWATOMIE ,OK,0,1,1,0,3,5,0,1,0,0
POTTAWATTAMIE ,IA,0,0,1,0,3,4,0,3,0,0
POTTER ,PA,0,0,0,0,1,6,0,3,1,0
POTTER ,SD,0,0,0,0,0,0,0,1,0,0
POTTER ,TX,0,1,0,0,1,6,1,0,0,0
POWDER RIVER ,MT,0,0,0,0,0,0,0,1,0,0
POWELL ,KY,0,0,0,0,1,0,0,2,0,0
POWELL ,MT,1,0,0,0,0,0,0,1,1,0
POWER ,ID,1,0,0,0,1,1,0,1,1,0
POWESHIEK ,IA,1,0,0,0,0,2,0,3,0,0
POWHATAN ,VA,1,0,0,0,2,3,0,2,1,0
PRAIRIE ,AR,0,0,0,0,1,0,0,0,0,0
PRAIRIE ,MT,0,0,0,0,0,1,0,0,0,0
PRATT ,KS,1,0,0,0,1,0,0,0,0,0
PREBLE ,OH,0,0,0,1,1,4,0,1,1,0
PRENTISS ,MS,1,0,0,0,2,3,0,0,0,0
PRESIDIO ,TX,0,0,0,0,0,0,1,0,0,0
PRESQUE ISLE ,MI,0,0,0,0,0,3,0,2,1,0
PRESTON ,WV,1,0,0,0,1,6,0,0,1,0
PRICE ,WI,2,0,1,0,0,2,0,3,0,0
PRINCE EDWARD ,VA,1,0,0,1,2,1,0,3,0,0
PRINCE GEORGE ,VA,0,0,0,0,2,2,0,2,0,0
PRINCE GEORGES ,MD,2,0,3,3,4,34,0,2,5,1
PRINCE WALES KETCHIK ,AK,1,0,0,0,0,1,0,0,0,0
PRINCE WILLIAM ,VA,2,0,1,0,5,18,0,1,3,0
PROVIDENCE ,RI,0,0,0,2,3,38,0,0,1,0
PROWERS ,CO,1,0,0,0,1,2,0,0,1,0
PUEBLO ,CO,1,0,1,0,5,16,0,2,4,0
PULASKI ,AR,2,2,1,0,3,15,0,1,1,0
PULASKI ,GA,0,0,0,0,0,2,0,1,0,0
PULASKI ,IL,0,0,0,0,2,0,0,1,0,0
PULASKI ,IN,1,0,0,0,2,1,0,0,0,0
PULASKI ,KY,1,0,0,1,2,7,0,2,0,0
PULASKI ,MO,0,0,0,0,0,3,0,0,0,0
PULASKI ,VA,0,0,0,0,1,3,0,0,1,0
PUSHMATAHA ,OK,0,0,0,0,2,4,0,1,0,0
PUTNAM ,FL,0,0,1,0,4,14,0,2,4,0
PUTNAM ,GA,0,0,0,0,0,3,0,2,1,0
PUTNAM ,IL,0,0,0,1,0,0,0,0,0,0
PUTNAM ,IN,2,0,1,1,1,6,0,2,0,0
PUTNAM ,MO,1,0,0,0,0,1,0,0,0,0
PUTNAM ,NY,1,0,1,2,2,11,0,0,2,0
PUTNAM ,OH,0,0,0,0,0,1,0,1,0,0
PUTNAM ,TN,0,0,1,0,1,5,0,2,0,0
PUTNAM ,WV,0,1,0,0,3,2,0,1,1,0
QUAY ,NM,0,0,0,0,1,3,0,2,1,0
QUEEN ANNES ,MD,1,0,0,1,2,3,0,0,1,0
QUEENS ,NY,2,1,3,7,6,61,3,2,8,4
QUITMAN ,GA,0,0,0,0,1,1,0,2,0,0
QUITMAN ,MS,0,0,0,0,1,1,0,0,0,0
RABUN ,GA,0,0,0,0,0,2,0,1,1,0
RACINE ,WI,1,0,1,0,3,12,0,2,1,0
RADFORD ,VA,0,0,0,0,1,0,0,2,0,0
RAINS ,TX,0,0,0,0,1,1,0,2,0,0
RALEIGH ,WV,1,0,0,0,4,7,0,0,1,0
RALLS ,MO,0,0,0,0,2,1,0,0,0,0
RAMSEY ,MN,5,0,6,0,2,24,0,4,0,0
RAMSEY ,ND,0,0,0,0,0,0,0,1,0,0
RANDALL ,TX,0,1,1,0,3,5,1,1,0,0
RANDOLPH ,AL,1,0,0,0,1,2,0,1,1,0
RANDOLPH ,AR,0,0,0,0,1,2,0,1,0,0
RANDOLPH ,GA,0,1,0,0,0,3,0,1,0,0
RANDOLPH ,IL,0,0,0,0,3,4,0,0,0,0
RANDOLPH ,IN,0,0,0,0,1,3,0,0,0,0
RANDOLPH ,MO,1,0,0,0,5,1,0,2,0,0
RANDOLPH ,NC,0,1,0,1,1,8,0,3,1,0
RANDOLPH ,WV,0,0,0,1,3,4,0,0,1,0
RANKIN ,MS,0,0,2,0,2,7,0,1,0,0
RANSOM ,ND,1,0,0,0,0,1,0,1,0,0
RAPIDES ,LA,0,1,0,0,2,6,0,2,0,1
RAPPAHANNOCK ,VA,1,0,0,0,0,0,0,0,0,0
RAVALLI ,MT,0,0,1,0,2,8,0,3,1,0
RAWLINS ,KS,0,0,0,0,0,1,0,0,0,0
RAY ,MO,0,0,0,1,4,2,0,1,0,0
REAGAN ,TX,0,0,0,0,0,1,0,1,0,0
REAL ,TX,0,0,0,0,2,2,0,0,0,0
RED LAKE ,MN,2,0,1,0,0,1,0,2,0,0
RED RIVER ,LA,0,1,0,0,0,2,0,1,0,0
RED RIVER ,TX,0,0,0,0,1,1,0,0,0,0
RED WILLOW ,NE,0,0,0,0,1,1,1,1,0,0
REDWOOD ,MN,3,0,2,0,0,3,0,3,0,0
REEVES ,TX,0,0,0,0,1,0,0,0,0,0
REFUGIO ,TX,0,0,0,0,0,2,0,1,0,0
RENO ,KS,0,0,0,0,2,4,0,0,0,0
RENSSELAER ,NY,0,0,0,1,0,14,0,1,0,0
RENVILLE ,MN,3,0,2,0,0,1,0,2,0,0
REPUBLIC ,KS,0,0,0,0,1,0,0,0,0,0
REYNOLDS ,MO,0,0,0,0,2,6,0,0,0,0
RHEA ,TN,0,0,1,0,1,3,0,2,0,0
RICE ,KS,0,0,0,0,2,0,0,0,0,0
RICE ,MN,3,0,4,0,0,4,0,2,0,0
RICH ,UT,0,0,0,0,1,0,0,3,0,0
RICHARDSON ,NE,0,0,0,0,2,1,0,2,0,0
RICHLAND ,IL,1,0,0,0,1,1,0,2,0,0
RICHLAND ,LA,0,0,0,0,1,2,0,0,0,0
RICHLAND ,MT,0,0,0,0,0,1,0,0,0,0
RICHLAND ,ND,2,0,1,0,0,1,0,1,0,0
RICHLAND ,OH,0,0,1,2,1,10,0,1,0,0
RICHLAND ,SC,2,0,1,0,6,22,1,5,1,0
RICHLAND ,WI,3,0,0,0,0,1,0,3,0,0
RICHMOND ,GA,1,0,0,0,6,21,0,3,2,0
RICHMOND ,NC,0,0,0,0,0,6,0,1,0,0
RICHMOND ,NY,1,1,2,3,2,33,1,1,2,2
RICHMOND ,VA,0,0,0,0,0,0,0,2,0,0
RICHMOND CITY ,VA,1,0,1,0,4,7,0,4,2,0
RILEY ,KS,0,0,0,0,2,4,0,1,0,0
RINGGOLD ,IA,0,0,0,0,0,2,0,4,0,0
RIO ARRIBA ,NM,0,0,1,0,4,7,0,1,2,0
RIO BLANCO ,CO,1,0,0,0,1,2,0,0,1,0
RIO GRANDE ,CO,2,0,0,0,0,5,0,2,0,0
RIPLEY ,IN,0,0,0,1,0,3,0,2,0,0
RIPLEY ,MO,1,0,0,0,1,2,0,1,0,0
RITCHIE ,WV,0,0,0,0,1,0,0,0,1,0
RIVERSIDE ,CA,10,2,5,1,6,66,2,7,9,2
ROANE ,TN,0,0,0,1,2,6,0,2,0,0
ROANE ,WV,0,0,0,0,1,0,0,1,0,0
ROANOKE ,VA,1,0,0,0,3,10,0,4,0,0
ROANOKE CITY ,VA,0,0,1,1,3,2,0,3,0,0
ROBERTS ,SD,1,0,1,0,0,2,0,1,0,0
ROBERTS ,TX,0,1,0,0,0,0,0,0,0,0
ROBERTSON ,TN,0,0,0,1,1,5,0,2,0,1
ROBERTSON ,TX,1,1,0,0,1,4,0,2,0,0
ROBESON ,NC,0,0,0,1,1,4,0,3,0,0
ROCK ,MN,3,0,3,0,0,1,0,2,0,0
ROCK ,WI,1,0,2,0,1,7,0,2,0,0
ROCK ISLAND ,IL,1,0,1,0,5,5,1,3,0,0
ROCKBRIDGE ,VA,0,0,0,0,3,3,0,4,0,0
ROCKCASTLE ,KY,0,0,0,0,1,2,0,3,0,0
ROCKDALE ,GA,1,0,1,0,0,10,0,3,1,0
ROCKINGHAM ,NC,0,0,0,1,1,3,0,3,1,0
ROCKINGHAM ,NH,0,1,3,1,1,21,2,0,1,0
ROCKINGHAM ,VA,1,2,0,0,2,2,0,3,1,0
ROCKLAND ,NY,1,0,2,4,4,24,1,0,3,1
ROCKWALL ,TX,0,1,0,0,1,6,0,1,0,0
ROGER MILLS ,OK,0,0,0,0,1,0,0,0,0,0
ROGERS ,OK,0,0,0,0,2,3,0,2,0,0
ROLETTE ,ND,1,0,0,0,0,2,0,1,0,0
ROOSEVELT ,MT,0,0,0,0,0,0,0,1,0,0
ROOSEVELT ,NM,0,0,0,0,1,3,0,1,1,0
ROSCOMMON ,MI,0,0,1,0,4,6,0,1,0,0
ROSEAU ,MN,3,0,2,0,0,2,0,2,0,0
ROSEBUD ,MT,0,0,0,0,0,2,0,1,0,0
ROSS ,OH,0,0,0,0,1,3,0,0,1,0
ROUTT ,CO,2,0,0,0,2,9,0,1,1,0
ROWAN ,KY,0,0,0,0,2,1,0,3,0,0
ROWAN ,NC,0,0,1,1,2,9,0,3,1,0
RUNNELS ,TX,0,1,0,0,1,1,0,2,0,0
RUSH ,IN,2,0,0,0,1,0,0,1,0,0
RUSH ,KS,0,0,0,0,2,0,0,0,0,0
RUSK ,TX,0,0,0,0,3,4,0,2,0,0
RUSK ,WI,0,0,1,0,1,1,0,3,0,0
RUSSELL ,AL,0,0,0,0,1,6,0,1,1,0
RUSSELL ,KS,0,0,0,0,1,1,0,0,0,0
RUSSELL ,KY,0,0,0,0,2,2,0,2,0,0
RUSSELL ,VA,0,0,0,0,1,3,0,1,0,0
RUTHERFORD ,NC,1,0,0,0,1,3,0,1,1,0
RUTHERFORD ,TN,0,0,1,1,2,17,0,1,1,0
RUTLAND ,VT,0,0,0,1,1,6,0,1,1,0
SABINE ,LA,0,1,0,0,2,4,0,1,0,0
SABINE ,TX,1,0,0,1,1,1,0,1,0,1
SAC ,IA,1,0,0,0,0,0,0,1,0,0
SACRAMENTO ,CA,11,2,4,1,6,51,3,4,2,0
SAGADAHOC ,ME,0,0,0,0,0,3,0,1,1,0
SAGINAW ,MI,1,0,1,0,2,8,0,1,0,0
SAGUACHE ,CO,2,0,0,0,0,2,0,0,0,0
SAINT BERNARD ,LA,0,1,0,0,1,7,0,2,3,0
SAINT CHARLES ,LA,0,1,0,1,2,3,0,1,0,0
SAINT CHARLES ,MO,1,2,0,2,6,21,1,2,3,0
SAINT CLAIR ,AL,0,0,0,1,2,8,0,0,1,0
SAINT CLAIR ,IL,2,1,0,2,5,14,0,3,1,0
SAINT CLAIR ,MI,0,0,0,0,3,9,0,1,0,0
SAINT CLAIR ,MO,0,0,0,1,1,4,0,1,0,0
SAINT CROIX ,WI,3,0,2,0,1,4,0,2,0,0
SAINT FRANCIS ,AR,0,0,0,0,2,5,0,2,0,0
SAINT FRANCOIS ,MO,0,0,0,1,3,8,0,1,0,0
SAINT HELENA ,LA,0,1,0,0,0,4,0,2,0,0
SAINT JAMES ,LA,0,1,1,0,1,2,0,1,0,0
SAINT JOHNS ,FL,2,1,1,2,3,24,0,2,4,1
SAINT JOSEPH ,MI,0,0,0,0,0,5,0,3,0,0
SAINT LANDRY ,LA,0,1,0,0,3,3,1,1,0,0
SAINT LAWRENCE ,NY,1,0,0,0,1,8,0,2,2,0
SAINT LOUIS ,MN,3,1,6,0,1,14,0,4,0,0
SAINT LOUIS ,MO,5,1,2,3,8,30,1,2,3,1
SAINT LOUIS CITY ,MO,1,1,1,2,5,19,1,2,1,0
SAINT LUCIE ,FL,3,1,1,3,5,43,0,2,4,1
SAINT MARTIN ,LA,0,1,0,0,1,3,0,2,0,1
SAINT MARY ,LA,0,1,0,0,0,3,0,2,0,1
SAINT MARYS ,MD,1,1,0,2,0,6,0,0,1,0
SAINT TAMMANY ,LA,0,1,1,1,2,17,0,3,2,0
SAINTE GENEVIEVE ,MO,0,0,0,0,3,4,0,0,0,0
SALEM ,NJ,0,0,0,2,1,6,0,0,1,0
SALEM ,VA,0,0,0,0,2,2,0,4,0,0
SALINE ,AR,0,0,1,1,2,6,0,1,0,0
SALINE ,IL,1,0,0,0,2,2,0,1,0,0
SALINE ,KS,0,0,1,0,3,2,0,2,0,0
SALINE ,MO,0,0,0,0,2,3,0,1,0,0
SALINE ,NE,0,0,0,0,1,0,0,3,0,0
SALT LAKE ,UT,6,2,3,1,5,30,1,5,2,1
SALUDA ,SC,0,0,0,0,0,0,1,2,0,0
SAMPSON ,NC,2,0,0,0,2,3,0,1,0,0
SAN AUGUSTINE ,TX,0,0,0,0,1,0,0,1,0,0
SAN BENITO ,CA,2,1,0,0,1,6,0,0,0,0
SAN BERNARDINO ,CA,8,1,2,1,5,65,1,3,7,2
SAN DIEGO ,CA,11,2,6,6,9,80,2,5,14,3
SAN FRANCISCO ,CA,7,1,4,0,5,42,3,3,2,0
SAN JACINTO ,TX,0,1,0,0,0,4,0,2,0,0
SAN JOAQUIN ,CA,4,1,3,1,4,31,1,3,1,0
SAN JUAN ,CO,1,0,0,0,0,1,0,0,0,0
SAN JUAN ,NM,1,1,1,0,4,13,0,2,4,1
SAN JUAN ,UT,0,0,0,0,0,1,0,3,0,0
SAN JUAN ,WA,2,0,0,0,1,5,0,2,1,0
SAN LUIS OBISPO ,CA,4,1,3,0,5,23,0,1,1,0
SAN MATEO ,CA,5,1,2,1,5,35,2,2,3,0
SAN MIGUEL ,CO,1,0,0,0,0,0,0,0,0,0
SAN MIGUEL ,NM,0,0,0,0,1,6,0,2,1,0
SAN PATRICIO ,TX,0,1,0,0,4,6,0,1,1,0
SAN SABA ,TX,1,0,0,0,0,2,0,1,1,0
SANBORN ,SD,0,0,0,0,0,0,0,0,1,0
SANDERS ,MT,1,0,0,0,1,2,0,1,2,0
SANDOVAL ,NM,1,0,1,1,3,18,1,2,3,0
SANDUSKY ,OH,1,0,1,1,2,4,0,1,0,0
SANGAMON ,IL,1,0,1,1,5,10,0,2,1,0
SANILAC ,MI,0,0,1,0,1,6,0,1,0,0
SANPETE ,UT,0,0,0,0,4,2,0,3,0,0
SANTA BARBARA ,CA,3,1,3,3,3,27,1,4,1,0
SANTA CLARA ,CA,10,1,3,2,5,58,3,3,6,0
SANTA CRUZ ,AZ,0,1,1,1,1,11,0,2,1,0
SANTA CRUZ ,CA,5,1,0,0,2,22,0,1,0,0
SANTA FE ,NM,1,0,1,1,5,23,3,2,4,0
SANTA ROSA ,FL,2,0,0,0,5,16,0,2,0,0
SARASOTA ,FL,9,1,3,6,9,54,0,4,7,1
SARATOGA ,NY,2,0,0,2,3,17,0,1,0,0
SARGENT ,ND,1,0,0,0,0,1,0,1,0,0
SARPY ,NE,0,0,0,0,3,8,0,3,0,0
SAUK ,WI,1,0,2,0,0,5,0,3,1,0
SAUNDERS ,NE,0,0,0,0,1,1,0,3,0,0
SAWYER ,WI,3,0,1,0,2,5,0,2,0,0
SCHENECTADY ,NY,1,0,0,2,4,21,1,1,2,0
SCHLEICHER ,TX,0,0,0,0,0,0,0,1,0,0
SCHLEY ,GA,0,0,0,0,1,0,0,0,0,0
SCHOHARIE ,NY,0,0,0,1,0,10,0,1,0,0
SCHOOLCRAFT ,MI,0,0,0,0,0,1,0,1,0,0
SCHUYLER ,IL,0,0,0,1,1,1,0,3,1,0
SCHUYLER ,MO,1,0,0,0,1,0,0,1,0,0
SCHUYLER ,NY,1,0,0,0,0,3,0,1,1,0
SCHUYLKILL ,PA,1,0,0,1,1,8,0,2,1,0
SCIOTO ,OH,0,0,0,0,2,7,0,1,0,0
SCOTLAND ,MO,0,0,0,0,0,1,0,0,0,0
SCOTLAND ,NC,0,0,0,0,1,8,0,1,0,0
SCOTT ,AR,1,0,0,0,2,2,0,1,0,0
SCOTT ,IA,1,1,0,0,2,10,1,5,1,0
SCOTT ,IL,0,0,0,0,2,1,0,1,0,0
SCOTT ,IN,0,0,0,0,1,2,0,2,0,0
SCOTT ,KS,0,0,0,0,0,1,0,0,0,0
SCOTT ,KY,0,0,0,0,2,1,0,3,0,0
SCOTT ,MN,3,0,6,0,1,7,0,3,0,0
SCOTT ,MO,0,0,0,0,5,4,1,1,0,0
SCOTT ,MS,0,0,0,0,1,3,0,1,0,0
SCOTT ,TN,0,1,0,2,1,3,0,1,0,0
SCOTT ,VA,0,0,0,0,1,3,0,3,0,0
SCOTTS BLUFF ,NE,1,0,0,0,1,3,0,3,0,0
SCREVEN ,GA,0,0,1,1,0,1,0,1,0,0
SCURRY ,TX,0,0,1,0,2,1,0,1,0,0
SEARCY ,AR,0,0,0,0,0,2,0,1,0,0
SEBASTIAN ,AR,1,0,0,0,2,9,1,3,0,0
SEDGWICK ,CO,1,0,0,0,1,1,0,1,0,0
SEDGWICK ,KS,0,1,1,1,3,24,1,2,1,1
SEMINOLE ,FL,4,1,0,1,7,41,0,2,7,0
SEMINOLE ,GA,1,0,0,0,1,0,0,1,0,0
SEMINOLE ,OK,0,0,0,0,1,4,0,1,0,0
SENECA ,NY,1,0,0,0,0,4,0,0,1,0
SENECA ,OH,0,0,0,0,2,5,0,2,0,0
SEQUATCHIE ,TN,0,0,0,0,1,3,0,2,0,0
SEQUOYAH ,OK,0,0,0,0,3,5,0,2,0,0
SEVIER ,AR,1,0,0,0,0,0,0,0,0,0
SEVIER ,TN,0,0,0,0,1,13,0,2,0,0
SEVIER ,UT,0,0,1,0,2,3,0,3,0,0
SEWARD ,NE,0,0,0,0,1,0,0,2,0,0
SHACKELFORD ,TX,0,0,0,0,0,0,0,1,0,0
SHANNON ,MO,0,0,0,0,2,1,0,2,0,0
SHANNON ,SD,0,0,0,0,0,0,0,1,0,0
SHARKEY ,MS,0,0,0,0,0,1,0,0,0,0
SHARP ,AR,0,0,0,0,4,5,0,2,0,0
SHASTA ,CA,6,1,2,1,5,11,0,2,1,0
SHAWANO ,WI,1,0,0,0,0,5,0,3,1,0
SHAWNEE ,KS,0,0,0,0,4,9,1,0,1,0
SHEBOYGAN ,WI,2,0,0,0,1,4,0,3,1,0
SHELBY ,AL,0,0,1,1,4,12,0,2,3,0
SHELBY ,IA,0,0,0,0,2,2,0,1,0,0
SHELBY ,IL,0,0,0,0,3,2,0,1,0,0
SHELBY ,IN,1,0,0,1,1,1,0,2,1,1
SHELBY ,KY,0,0,0,0,1,5,1,3,1,0
SHELBY ,MO,0,0,0,0,0,0,0,1,0,0
SHELBY ,OH,0,0,0,1,1,7,0,1,0,0
SHELBY ,TN,2,0,3,1,4,26,0,2,2,0
SHELBY ,TX,0,0,0,0,3,1,0,2,0,0
SHENANDOAH ,VA,1,0,0,0,1,1,0,3,0,0
SHERBURNE ,MN,3,0,6,0,0,8,0,3,0,0
SHERIDAN ,MT,0,0,0,0,0,0,0,1,0,0
SHERIDAN ,NE,0,0,0,0,0,1,0,2,0,0
SHERIDAN ,WY,1,0,0,0,2,3,0,1,0,0
SHERMAN ,KS,0,0,0,0,0,2,0,0,0,0
SHERMAN ,NE,0,0,0,0,0,0,0,1,0,0
SHERMAN ,OR,0,0,0,0,0,3,0,1,0,0
SHERMAN ,TX,0,0,0,0,1,0,0,0,0,0
SHIAWASSEE ,MI,0,0,0,0,2,3,0,2,0,0
SHOSHONE ,ID,1,0,0,0,1,1,0,1,0,0
SIBLEY ,MN,3,0,1,0,0,0,0,2,0,0
SIERRA ,CA,1,0,0,0,0,3,0,0,0,0
SIERRA ,NM,1,0,1,0,2,6,0,2,2,0
SILVER BOW ,MT,0,0,0,0,2,4,0,1,0,0
SIMPSON ,KY,0,0,0,0,2,3,0,1,0,0
SIMPSON ,MS,0,1,0,0,1,1,0,0,0,0
SIOUX ,IA,0,0,1,0,0,1,0,2,0,0
SIOUX ,NE,0,0,0,0,1,0,0,2,0,0
SISKIYOU ,CA,2,1,0,1,0,10,0,0,0,0
SITKA BOROUGH ,AK,1,0,0,0,0,1,0,0,0,0
SKAGIT ,WA,0,0,1,0,0,16,0,2,1,0
SKAMANIA ,WA,2,0,1,1,0,4,1,2,0,0
SMITH ,MS,0,0,0,0,1,1,0,1,0,0
SMITH ,TN,0,0,0,1,1,1,0,1,0,0
SMITH ,TX,1,1,1,0,8,14,0,2,0,0
SMYTH ,VA,0,0,0,0,1,4,0,5,0,0
SNOHOMISH ,WA,4,0,2,2,4,32,2,4,2,1
SNYDER ,PA,0,0,0,0,0,8,0,2,1,0
SOCORRO ,NM,0,0,0,0,2,2,0,2,3,0
SOLANO ,CA,5,1,2,1,3,28,1,4,2,0
SOMERSET ,MD,0,0,0,0,1,2,0,0,0,0
SOMERSET ,ME,0,0,0,1,1,5,0,1,1,0
SOMERSET ,NJ,0,0,3,2,3,19,0,0,2,0
SOMERSET ,PA,0,0,0,1,1,5,0,1,2,0
SOMERVELL ,TX,0,0,0,0,1,1,0,1,0,0
SONOMA ,CA,5,1,4,1,5,28,0,3,2,0
SOUTHAMPTON ,VA,0,0,0,0,0,1,0,2,0,0
SPALDING ,GA,0,0,0,0,1,7,0,2,1,0
SPARTANBURG ,SC,0,0,0,0,3,10,0,5,2,0
SPENCER ,IN,1,0,0,0,1,0,0,1,0,0
SPENCER ,KY,0,0,0,0,0,3,0,1,0,0
SPINK ,SD,1,0,0,0,0,0,0,0,0,0
SPOKANE ,WA,7,0,2,1,3,25,0,3,3,0
SPOTSYLVANIA ,VA,1,2,0,0,4,10,0,2,1,0
ST JOHN THE BAPTIST ,LA,0,1,0,0,1,4,0,1,0,0
ST JOSEPH ,IN,0,0,0,2,4,18,0,4,2,0
STAFFORD ,KS,0,0,0,0,1,0,0,0,0,0
STAFFORD ,VA,1,0,1,0,1,12,0,2,1,0
STANISLAUS ,CA,3,1,2,1,5,25,1,1,3,0
STANLY ,NC,0,0,0,1,2,6,0,1,0,0
STANTON ,NE,0,0,0,0,0,0,0,3,0,0
STARK ,IL,1,0,0,1,1,1,0,2,0,0
STARK ,ND,0,0,1,0,0,0,0,1,0,0
STARK ,OH,1,0,1,1,3,22,0,1,2,0
STARKE ,IN,2,0,0,2,3,2,0,1,0,0
STARR ,TX,0,1,0,0,0,5,0,0,0,0
STAUNTON CITY ,VA,0,0,0,0,1,3,0,2,0,0
STEARNS ,MN,4,0,7,0,0,8,0,3,1,0
STEELE ,MN,3,0,1,0,0,3,0,2,0,0
STEELE ,ND,0,0,0,0,0,0,0,1,0,0
STEPHENS ,GA,0,1,0,0,0,6,0,4,1,0
STEPHENS ,OK,0,0,0,0,1,5,0,1,0,0
STEPHENS ,TX,0,0,0,0,1,2,0,1,0,0
STEPHENSON ,IL,1,0,0,1,1,2,0,3,0,0
STEUBEN ,IN,0,0,0,0,3,2,0,2,0,0
STEUBEN ,NY,1,0,0,0,0,9,0,1,3,0
STEVENS ,KS,0,0,0,0,1,0,0,0,0,0
STEVENS ,MN,2,0,1,0,0,2,0,2,0,0
STEVENS ,WA,1,0,1,0,1,8,0,2,1,1
STEWART ,GA,0,0,0,0,0,2,0,1,0,0
STEWART ,TN,0,0,0,0,2,4,0,2,0,0
STILLWATER ,MT,0,0,0,0,3,3,0,2,2,0
STODDARD ,MO,0,0,1,0,2,3,0,0,0,0
STOKES ,NC,0,0,0,1,2,3,0,3,0,0
STONE ,AR,0,0,0,0,1,0,0,0,0,0
STONE ,MO,1,0,1,0,4,5,0,3,0,0
STONE ,MS,0,0,0,0,1,3,0,0,0,0
STOREY ,NV,0,0,1,0,0,4,0,1,0,0
STORY ,IA,1,0,0,0,0,4,0,4,0,0
STRAFFORD ,NH,1,0,0,0,0,11,0,0,1,0
STUTSMAN ,ND,2,0,2,0,0,4,0,1,0,0
SUBLETTE ,WY,0,0,0,0,2,3,0,0,1,0
SUFFOLK ,MA,2,0,4,2,2,29,5,1,3,0
SUFFOLK ,NY,2,1,2,5,4,49,1,2,11,1
SUFFOLK CITY ,VA,0,0,0,1,2,6,0,3,0,0
SULLIVAN ,IN,0,0,0,0,2,2,0,0,0,0
SULLIVAN ,MO,0,0,0,0,0,2,0,0,0,0
SULLIVAN ,NH,0,0,0,0,0,5,0,1,1,0
SULLIVAN ,NY,0,1,1,1,3,14,0,1,2,0
SULLIVAN ,PA,0,0,0,0,0,1,0,2,0,0
SULLIVAN ,TN,0,0,0,1,3,12,0,4,1,0
SULLY ,SD,0,0,0,0,0,0,0,1,0,0
SUMMERS ,WV,0,0,1,0,2,0,0,0,1,0
SUMMIT ,CO,1,0,0,0,1,8,1,0,2,0
SUMMIT ,OH,3,1,0,2,1,30,0,2,2,0
SUMMIT ,UT,2,0,0,0,2,6,0,3,1,0
SUMNER ,KS,0,0,0,0,1,1,0,1,0,0
SUMNER ,TN,0,0,1,1,2,16,0,2,0,1
SUMTER ,AL,0,0,0,0,1,5,0,0,0,0
SUMTER ,FL,4,1,1,4,5,39,1,3,3,0
SUMTER ,GA,0,0,0,0,2,3,0,2,0,0
SUMTER ,SC,1,0,0,0,1,6,0,3,0,0
SUNFLOWER ,MS,0,0,0,0,1,2,0,0,0,0
SURRY ,NC,0,0,1,1,1,4,0,3,0,0
SURRY ,VA,0,0,0,0,0,0,0,2,0,0
SUSQUEHANNA ,PA,0,0,0,1,1,6,0,3,0,0
SUSSEX ,DE,1,0,0,1,2,18,1,1,2,0
SUSSEX ,NJ,1,1,0,2,3,20,0,1,0,1
SUSSEX ,VA,0,0,0,0,0,0,0,3,0,0
SUTTER ,CA,1,1,1,0,2,8,0,0,0,0
SUTTON ,TX,0,0,0,0,0,0,0,1,0,0
SUWANNEE ,FL,2,1,0,0,1,13,0,1,0,0
SWAIN ,NC,0,0,0,0,1,4,0,1,0,1
SWEET GRASS ,MT,1,0,0,0,1,0,0,2,0,0
SWEETWATER ,WY,1,0,0,0,2,3,0,1,0,0
SWIFT ,MN,3,0,3,0,0,2,0,2,0,0
SWISHER ,TX,0,0,0,0,1,0,0,0,0,1
SWITZERLAND ,IN,1,0,0,0,0,1,0,0,0,0
TALBOT ,GA,0,0,0,0,0,0,0,1,1,0
TALBOT ,MD,1,0,0,1,0,3,0,1,1,0
TALIAFERRO ,GA,0,0,0,0,0,0,0,2,0,0
TALLADEGA ,AL,0,0,0,1,1,10,0,0,0,0
TALLAHATCHIE ,MS,0,0,0,0,1,1,0,0,0,0
TALLAPOOSA ,AL,0,0,0,0,1,6,0,0,0,0
TAMA ,IA,1,0,0,0,1,1,0,3,0,0
TANEY ,MO,0,0,0,0,5,11,0,1,1,0
TANGIPAHOA ,LA,0,1,1,0,1,8,0,2,0,0
TAOS ,NM,1,0,1,0,1,10,0,2,3,0
TARRANT ,TX,3,2,5,1,6,56,0,4,4,1
TATE ,MS,0,0,0,0,2,2,0,1,0,0
TATTNALL ,GA,0,0,0,1,0,3,0,2,0,0
TAYLOR ,FL,0,0,0,0,0,5,0,1,0,0
TAYLOR ,GA,0,0,0,0,0,0,0,2,1,0
TAYLOR ,IA,0,0,0,0,1,1,0,4,0,0
TAYLOR ,KY,0,0,1,0,0,3,0,1,0,0
TAYLOR ,TX,0,1,0,0,5,5,0,1,0,0
TAYLOR ,WI,0,0,0,0,0,1,0,3,0,0
TAYLOR ,WV,0,0,0,0,1,4,0,1,1,0
TAZEWELL ,IL,1,0,1,1,3,7,0,3,1,0
TAZEWELL ,VA,1,0,0,0,1,0,0,1,0,0
TEHAMA ,CA,3,1,2,0,1,7,0,0,0,0
TELFAIR ,GA,0,0,0,0,0,2,0,1,0,0
TELLER ,CO,2,0,0,0,2,9,0,1,1,0
TENSAS ,LA,0,1,0,0,0,2,0,0,0,0
TERREBONNE ,LA,0,1,0,0,0,2,0,1,0,0
TERRELL ,GA,0,0,0,0,0,1,0,1,0,0
TERRY ,TX,0,0,0,0,0,1,0,0,0,0
TETON ,ID,0,0,0,0,1,0,0,2,0,0
TETON ,MT,0,0,0,0,0,1,0,1,0,0
TETON ,WY,0,0,1,0,0,4,0,0,0,0
TEXAS ,MO,0,0,0,0,3,4,0,2,0,0
TEXAS ,OK,0,0,0,0,1,1,0,1,0,0
THAYER ,NE,0,0,0,0,1,1,0,2,0,0
THOMAS ,GA,0,0,0,0,0,8,0,2,0,0
THOMAS ,KS,0,0,0,0,1,1,0,0,0,0
THOMAS ,NE,0,0,0,0,0,1,0,0,0,0
THROCKMORTON ,TX,0,0,0,0,0,1,0,0,0,0
THURSTON ,NE,0,0,0,0,0,0,0,1,0,0
THURSTON ,WA,4,0,3,0,2,24,1,3,1,0
TIFT ,GA,1,0,0,0,0,6,0,3,0,0
TILLAMOOK ,OR,4,0,1,1,1,13,1,1,1,0
TILLMAN ,OK,0,0,0,0,1,1,0,0,0,0
TIOGA ,NY,0,0,0,0,1,3,0,1,1,1
TIOGA ,PA,0,0,0,1,1,4,0,4,0,0
TIPPAH ,MS,0,0,0,0,1,2,1,0,0,0
TIPPECANOE ,IN,3,0,0,0,3,6,0,1,0,0
TIPTON ,TN,0,0,0,0,1,6,0,2,0,0
TISHOMINGO ,MS,0,0,0,0,3,2,0,0,0,0
TITUS ,TX,0,0,0,0,0,2,0,2,0,0
TODD ,KY,0,0,0,0,1,1,0,1,0,0
TODD ,MN,3,0,4,0,0,1,0,3,0,0
TODD ,SD,1,0,0,0,0,0,0,0,0,0
TOLLAND ,CT,0,0,1,0,2,12,0,0,3,0
TOM GREEN ,TX,3,1,0,0,1,7,0,2,0,0
TOMPKINS ,NY,0,0,0,0,1,7,1,2,1,0
TOOELE ,UT,1,0,1,0,3,3,0,3,0,0
TOOLE ,MT,0,0,0,0,0,1,0,1,0,0
TOOMBS ,GA,0,0,0,1,0,2,0,1,0,0
TORRANCE ,NM,0,0,0,0,1,3,1,1,1,0
TOWNER ,ND,1,0,0,0,0,0,0,1,0,0
TOWNS ,GA,0,0,0,0,1,5,0,2,1,0
TRAILL ,ND,2,0,0,0,0,2,0,1,0,0
TRANSYLVANIA ,NC,0,0,1,0,2,6,0,2,1,0
TRAVERSE ,MN,1,0,1,0,0,0,0,2,0,0
TRAVIS ,TX,4,2,2,2,4,30,1,3,2,1
TREGO ,KS,0,0,0,0,2,0,0,0,0,0
TREMPEALEAU ,WI,0,0,1,0,0,4,0,3,0,0
TREUTLEN ,GA,0,0,0,0,0,1,0,2,0,0
TRIGG ,KY,1,0,0,0,3,0,0,2,0,0
TRIMBLE ,KY,0,0,0,0,1,2,0,1,0,0
TRINITY ,CA,3,1,1,0,0,5,0,0,0,0
TRINITY ,TX,0,0,1,0,1,4,0,1,0,1
TRIPP ,SD,0,0,0,0,0,0,0,1,0,0
TROUP ,GA,0,0,0,0,1,6,0,3,1,0
TROUSDALE ,TN,0,0,1,1,0,1,0,1,0,0
TRUMBULL ,OH,2,0,0,1,2,16,1,1,2,1
TUCKER ,WV,1,0,0,0,2,0,0,0,0,0
TULARE ,CA,3,1,2,0,1,20,0,3,0,0
TULSA ,OK,4,1,2,0,6,25,0,2,1,1
TUNICA ,MS,0,0,0,0,0,2,0,1,0,0
TUOLUMNE ,CA,3,1,2,0,2,9,0,1,0,0
TURNER ,GA,0,0,0,0,0,2,0,1,0,0
TURNER ,SD,0,0,0,0,1,3,0,2,0,0
TUSCALOOSA ,AL,0,1,0,1,4,8,0,1,0,0
TUSCARAWAS ,OH,3,0,0,0,1,7,0,1,2,0
TUSCOLA ,MI,0,0,0,0,1,3,0,1,0,0
TWIGGS ,GA,0,0,0,0,0,0,0,2,0,0
TWIN FALLS ,ID,1,0,1,0,2,6,0,2,0,0
TYLER ,TX,0,0,0,0,2,3,0,1,0,1
TYLER ,WV,1,0,0,1,1,2,0,0,0,0
TYRRELL ,NC,0,0,0,0,0,0,0,1,0,0
UINTA ,WY,2,0,1,0,3,3,0,1,0,0
UINTAH ,UT,0,0,0,0,1,2,0,2,0,0
ULSTER ,NY,0,1,1,3,2,18,0,1,1,0
UMATILLA ,OR,1,0,0,1,2,15,2,3,2,0
UNICOI ,TN,0,0,0,0,2,2,0,2,0,0
UNION ,AR,0,0,0,0,2,5,0,1,0,0
UNION ,FL,0,0,0,0,0,0,0,0,1,0
UNION ,GA,0,0,0,0,1,5,0,2,0,0
UNION ,IA,1,0,0,0,0,0,0,4,0,0
UNION ,IL,0,0,0,0,4,2,0,3,1,0
UNION ,KY,1,0,0,0,1,1,0,1,0,0
UNION ,LA,0,0,0,0,1,3,0,1,0,0
UNION ,MS,0,0,0,0,1,2,0,1,0,0
UNION ,NC,0,0,0,0,1,23,0,3,0,0
UNION ,NJ,0,0,2,2,6,27,2,0,0,0
UNION ,NM,0,0,0,0,1,0,0,0,1,0
UNION ,OH,0,0,0,1,1,5,0,1,1,0
UNION ,OR,1,0,2,0,1,4,0,2,0,0
UNION ,PA,0,0,0,0,0,3,0,4,0,0
UNION ,SC,0,0,1,0,1,2,0,4,0,0
UNION ,SD,0,0,0,0,0,0,0,3,0,0
UNION ,TN,0,0,0,1,1,4,0,2,0,0
UPSHUR ,TX,0,0,0,0,1,2,0,2,0,0
UPSHUR ,WV,0,0,0,0,1,1,0,0,1,0
UPSON ,GA,0,0,0,0,0,5,0,2,2,0
UPTON ,TX,0,0,0,0,1,0,0,1,0,0
UTAH ,UT,4,0,2,0,6,17,0,4,3,1
UVALDE ,TX,0,0,0,0,2,4,0,1,0,0
VAL VERDE ,TX,1,1,0,0,3,6,0,2,0,0
VALDEZ CORDOVA ,AK,0,0,0,0,0,4,0,0,0,0
VALENCIA ,NM,1,0,0,0,3,7,1,2,2,0
VALLEY ,ID,2,0,1,0,1,5,0,1,0,0
VALLEY ,MT,0,0,0,0,0,2,0,1,0,0
VALLEY ,NE,1,0,0,0,1,0,0,1,0,0
VAN BUREN ,AR,0,0,0,0,1,3,0,0,0,0
VAN BUREN ,IA,1,0,0,0,1,0,0,2,0,0
VAN BUREN ,MI,0,0,0,1,3,5,0,3,0,0
VAN BUREN ,TN,0,0,0,0,0,1,0,1,0,0
VAN WERT ,OH,0,0,1,0,1,3,0,2,0,0
VAN ZANDT ,TX,0,1,0,0,3,6,0,2,0,0
VANCE ,NC,1,0,0,0,0,3,0,3,0,0
VANDERBURGH ,IN,1,0,0,0,4,6,0,3,0,0
VENANGO ,PA,0,0,0,1,1,7,0,0,1,0
VENTURA ,CA,8,1,2,2,6,36,0,4,4,3
VERMILION ,IL,0,0,0,0,4,3,0,2,1,0
VERMILION ,LA,0,0,0,0,0,4,0,1,1,0
VERMILLION ,IN,0,0,0,0,2,1,0,1,0,0
VERNON ,LA,0,1,0,0,0,3,0,2,0,0
VERNON ,MO,0,0,0,0,2,0,0,2,0,0
VERNON ,WI,2,1,0,0,0,2,0,3,0,0
VICTORIA ,TX,2,1,0,0,2,4,0,1,0,1
VIGO ,IN,3,1,1,1,2,6,0,2,0,0
VILAS ,WI,0,0,0,1,0,5,0,3,0,0
VINTON ,OH,0,0,0,0,1,1,0,0,0,0
VIRGINIA BEACH CITY ,VA,3,0,0,0,6,27,0,4,1,1
VOLUSIA ,FL,3,1,4,7,9,67,0,3,8,0
WABASH ,IL,1,0,0,0,1,1,0,1,0,0
WABASH ,IN,0,0,0,0,4,3,0,2,0,0
WABASHA ,MN,4,0,3,0,0,3,0,2,0,0
WABAUNSEE ,KS,0,0,0,0,1,0,0,1,0,0
WADENA ,MN,3,0,3,0,0,4,0,3,0,0
WAGONER ,OK,0,0,0,0,0,4,0,2,0,1
WAHKIAKUM ,WA,0,0,1,1,0,3,0,1,0,0
WAKE ,NC,3,1,1,2,5,39,0,5,3,0
WAKULLA ,FL,1,1,0,0,2,3,0,0,0,0
WALDO ,ME,1,0,0,0,2,3,0,2,1,0
WALKER ,AL,1,0,0,1,2,8,0,0,1,0
WALKER ,GA,0,0,0,0,2,5,0,3,1,0
WALKER ,TX,1,1,0,0,1,3,0,1,0,1
WALLA WALLA ,WA,0,0,0,1,1,6,0,1,0,0
WALLACE ,KS,0,0,0,0,1,0,0,0,0,0
WALLER ,TX,0,1,0,0,0,6,0,0,1,1
WALLOWA ,OR,2,0,0,0,1,5,0,2,0,0
WALSH ,ND,1,0,0,0,0,1,0,1,0,0
WALTHALL ,MS,0,0,0,0,1,2,0,0,0,0
WALTON ,FL,0,1,0,1,5,10,0,0,1,0
WALTON ,GA,0,0,0,0,2,6,0,4,1,0
WALWORTH ,SD,0,0,0,0,0,1,0,2,0,0
WALWORTH ,WI,2,1,0,0,3,6,0,2,1,0
WAPELLO ,IA,1,0,0,0,1,3,0,1,0,0
WARD ,ND,0,1,1,0,1,5,0,1,0,0
WARD ,TX,0,0,0,0,2,2,0,0,0,0
WARE ,GA,0,0,0,0,0,2,0,1,0,0
WARREN ,GA,0,0,0,0,0,0,0,1,0,0
WARREN ,IA,1,0,0,0,0,3,0,4,1,0
WARREN ,IL,1,0,0,1,1,1,0,2,0,0
WARREN ,IN,2,0,0,0,2,2,0,0,0,0
WARREN ,KY,1,0,0,1,2,5,0,3,0,0
WARREN ,MO,0,0,0,2,3,5,0,1,1,0
WARREN ,MS,2,0,0,2,1,3,0,0,0,0
WARREN ,NC,0,0,0,0,0,4,0,3,0,0
WARREN ,NJ,1,1,0,2,4,12,0,0,0,0
WARREN ,NY,0,0,0,2,1,15,0,1,0,0
WARREN ,OH,1,0,0,2,1,11,1,1,2,0
WARREN ,PA,1,0,0,1,1,10,0,4,1,0
WARREN ,TN,0,0,0,1,0,3,0,2,0,0
WARREN ,VA,1,0,1,0,1,2,0,3,0,0
WARRICK ,IN,1,0,0,1,1,2,0,2,0,0
WASATCH ,UT,0,0,1,0,2,4,0,4,0,0
WASCO ,OR,1,0,1,1,1,8,1,2,2,0
WASECA ,MN,4,0,2,0,0,1,0,2,0,0
WASHAKIE ,WY,0,0,0,0,2,0,0,0,0,0
WASHBURN ,WI,3,0,1,0,1,2,0,2,0,0
WASHINGTON ,AL,0,0,0,0,1,4,0,1,0,0
WASHINGTON ,AR,1,1,2,1,5,14,0,3,1,0
WASHINGTON ,CO,1,0,0,0,0,2,0,0,0,0
WASHINGTON ,FL,0,0,0,0,1,2,0,1,0,0
WASHINGTON ,GA,0,0,0,0,0,1,0,2,0,0
WASHINGTON ,IA,1,0,0,0,1,2,0,4,0,0
WASHINGTON ,ID,2,0,0,0,1,5,0,2,0,0
WASHINGTON ,IL,0,0,0,0,3,5,0,1,0,0
WASHINGTON ,IN,0,0,0,0,2,0,0,3,0,0
WASHINGTON ,KS,0,0,0,0,2,2,0,0,0,0
WASHINGTON ,KY,0,0,0,1,1,2,0,2,0,0
WASHINGTON ,LA,0,2,0,0,1,4,0,1,0,0
WASHINGTON ,MD,1,0,0,1,2,5,0,0,1,0
WASHINGTON ,ME,1,0,0,0,0,5,0,2,1,0
WASHINGTON ,MN,3,0,6,0,1,11,0,4,1,0
WASHINGTON ,MO,0,0,0,1,2,3,0,1,1,0
WASHINGTON ,MS,0,0,0,0,1,7,0,0,0,1
WASHINGTON ,NC,0,0,0,0,0,2,0,2,0,0
WASHINGTON ,NE,0,0,0,0,1,3,0,3,0,0
WASHINGTON ,NY,0,0,0,1,1,8,0,2,0,0
WASHINGTON ,OH,0,0,0,0,1,4,0,1,0,0
WASHINGTON ,OK,1,0,0,0,1,7,0,2,0,0
WASHINGTON ,OR,3,0,3,1,2,29,1,4,4,0
WASHINGTON ,PA,2,0,1,4,2,14,0,2,2,0
WASHINGTON ,RI,0,1,0,1,2,15,0,0,2,0
WASHINGTON ,TN,0,1,0,2,2,9,0,5,1,0
WASHINGTON ,TX,1,1,0,0,2,4,0,1,0,0
WASHINGTON ,UT,2,0,1,1,6,12,0,3,3,0
WASHINGTON ,VA,1,0,0,0,1,7,0,5,0,0
WASHINGTON ,VT,0,0,1,0,1,5,0,0,0,0
WASHINGTON ,WI,2,0,0,0,0,5,0,4,0,0
WASHITA ,OK,0,0,0,0,1,3,0,1,0,0
WASHOE ,NV,7,0,3,1,5,36,0,2,3,0
WASHTENAW ,MI,2,0,2,1,3,16,0,3,1,0
WATAUGA ,NC,0,0,0,0,0,7,0,1,1,0
WATONWAN ,MN,2,0,3,0,0,1,0,2,0,0
WAUKESHA ,WI,2,0,3,1,4,15,1,3,0,0
WAUPACA ,WI,1,0,0,0,0,3,0,3,1,0
WAUSHARA ,WI,2,0,0,0,0,2,0,3,1,0
WAYNE ,GA,0,1,0,0,0,1,0,1,1,0
WAYNE ,IA,1,0,0,0,0,0,0,2,0,0
WAYNE ,IL,1,0,0,0,2,0,0,1,0,0
WAYNE ,IN,0,0,0,0,2,4,0,2,0,0
WAYNE ,KY,0,0,0,0,2,1,0,3,0,0
WAYNE ,MI,2,1,5,1,5,44,1,3,5,0
WAYNE ,MO,0,0,1,0,3,4,0,2,0,0
WAYNE ,MS,0,0,0,0,0,2,0,0,0,1
WAYNE ,NC,1,0,0,1,1,12,0,1,0,0
WAYNE ,NE,0,0,0,0,0,0,0,2,0,0
WAYNE ,NY,2,0,0,0,1,9,2,2,1,0
WAYNE ,OH,2,0,0,1,1,8,0,2,1,0
WAYNE ,PA,0,0,1,2,1,15,0,3,1,0
WAYNE ,TN,0,0,0,0,1,1,0,2,0,0
WAYNE ,UT,0,0,0,0,1,1,0,1,0,0
WAYNE ,WV,1,0,0,0,2,4,0,1,1,0
WAYNESBORO CITY ,VA,1,0,0,0,1,1,0,1,0,0
WEAKLEY ,TN,0,0,0,0,2,2,0,2,0,0
WEBB ,TX,0,1,0,0,2,16,0,0,0,0
WEBER ,UT,2,0,1,0,3,10,0,5,3,0
WEBSTER ,GA,0,0,0,0,0,0,0,1,0,0
WEBSTER ,IA,1,0,0,0,1,3,0,1,0,0
WEBSTER ,KY,1,0,0,0,1,0,0,3,0,0
WEBSTER ,LA,0,1,0,0,3,3,0,1,0,1
WEBSTER ,MO,0,0,1,0,0,5,0,3,0,1
WEBSTER ,MS,0,0,0,0,2,0,0,0,0,0
WEBSTER ,NE,1,0,0,0,1,0,0,2,0,0
WEBSTER ,WV,0,0,0,0,1,0,0,1,0,0
WELD ,CO,1,0,0,0,4,12,1,1,2,0
WELLS ,IN,0,0,0,0,0,3,0,3,1,0
WELLS ,ND,1,0,0,0,0,1,0,1,0,0
WEST BATON ROUGE ,LA,0,1,0,0,2,3,0,1,1,0
WEST CARROLL ,LA,0,0,0,0,0,3,0,0,0,0
WEST FELICIANA ,LA,0,1,0,0,1,3,0,2,1,0
WESTCHESTER ,NY,4,2,1,4,6,51,1,1,8,1
WESTMORELAND ,PA,1,0,1,3,3,18,0,2,1,0
WESTMORELAND ,VA,1,0,0,0,2,1,0,0,0,0
WESTON ,WY,0,0,0,0,1,0,0,0,0,0
WETZEL ,WV,1,0,0,1,1,1,0,0,1,0
WEXFORD ,MI,0,0,0,1,2,2,0,2,0,0
WHARTON ,TX,0,1,0,0,1,2,0,1,1,1
WHATCOM ,WA,2,0,2,1,3,18,0,2,1,0
WHEATLAND ,MT,0,0,0,0,1,0,0,1,0,0
WHEELER ,GA,0,0,0,0,0,0,0,1,0,0
WHEELER ,NE,0,0,0,0,0,1,0,1,0,0
WHEELER ,OR,1,0,0,0,0,2,1,0,0,0
WHITE ,AR,0,0,0,0,3,6,0,0,1,0
WHITE ,GA,0,0,0,0,1,3,0,2,1,0
WHITE ,IL,1,0,0,0,1,1,0,2,0,0
WHITE ,IN,1,0,0,0,1,2,0,2,0,0
WHITE ,TN,0,0,0,0,3,1,0,2,0,0
WHITE PINE ,NV,0,0,1,0,2,5,0,1,1,0
WHITESIDE ,IL,1,0,1,1,1,4,0,3,0,0
WHITFIELD ,GA,0,0,0,0,2,5,0,3,0,0
WHITLEY ,IN,0,0,0,0,2,1,0,4,1,0
WHITLEY ,KY,0,0,0,0,1,2,0,0,1,0
WHITMAN ,WA,0,0,1,0,1,6,0,1,0,0
WICHITA ,KS,0,0,0,0,1,0,0,0,0,0
WICHITA ,TX,1,0,0,0,1,12,0,0,1,0
WICOMICO ,MD,0,0,0,2,1,4,1,0,1,0
WILBARGER ,TX,0,1,0,0,1,2,0,1,0,0
WILCOX ,AL,0,0,1,0,0,3,0,0,0,0
WILCOX ,GA,0,0,0,0,0,1,0,1,0,0
WILKES ,GA,0,0,0,0,0,1,0,3,0,0
WILKES ,NC,0,0,0,1,1,3,0,2,0,0
WILKIN ,MN,3,0,2,0,0,0,0,2,0,0
WILKINSON ,GA,0,0,0,0,0,1,0,1,1,0
WILKINSON ,MS,0,1,0,0,1,5,0,1,0,0
WILL ,IL,3,1,1,1,8,23,0,4,2,0
WILLACY ,TX,1,1,0,0,1,3,0,1,0,0
WILLIAMS ,ND,0,0,0,0,0,2,0,0,0,0
WILLIAMS ,OH,0,0,0,1,2,1,0,2,0,0
WILLIAMSBURG ,SC,1,0,0,1,1,2,0,2,0,0
WILLIAMSBURG CITY ,VA,1,0,0,0,0,1,0,2,0,0
WILLIAMSON ,IL,1,0,0,0,6,5,0,2,0,0
WILLIAMSON ,TN,1,0,1,2,2,16,0,1,0,1
WILLIAMSON ,TX,2,1,1,2,4,20,0,2,3,1
WILSON ,KS,0,0,0,0,3,3,0,0,0,0
WILSON ,NC,1,0,1,2,0,5,0,1,0,0
WILSON ,TN,0,0,0,1,4,11,0,2,1,0
WILSON ,TX,0,1,0,0,0,6,0,2,0,0
WINCHESTER CITY ,VA,1,0,0,0,1,0,0,1,1,0
WINDHAM ,CT,1,0,0,1,0,13,0,0,2,0
WINDHAM ,VT,0,0,0,0,1,8,0,0,2,0
WINDSOR ,VT,0,1,0,1,0,8,0,1,1,1
WINKLER ,TX,0,0,0,0,0,1,0,0,0,0
WINN ,LA,0,1,0,0,0,3,0,1,0,0
WINNEBAGO ,IA,1,0,0,0,0,0,0,3,0,0
WINNEBAGO ,IL,2,0,3,1,5,18,0,4,0,0
WINNEBAGO ,WI,1,0,1,0,1,8,0,3,1,0
WINNESHIEK ,IA,1,0,0,0,0,0,0,4,0,0
WINONA ,MN,3,0,3,0,1,4,0,3,0,0
WINSTON ,AL,0,0,0,0,2,4,0,1,0,0
WINSTON ,MS,0,0,0,0,2,3,0,1,0,0
WIRT ,WV,0,0,0,0,1,0,0,0,1,0
WISE ,TX,0,1,0,0,2,2,0,1,0,0
WISE ,VA,1,0,0,0,2,3,0,0,0,0
WOLFE ,KY,0,0,0,0,1,0,0,1,0,0
WOOD ,OH,0,0,0,1,2,8,0,1,0,0
WOOD ,TX,1,1,1,0,2,2,0,3,0,0
WOOD ,WI,0,0,1,0,0,7,0,2,0,0
WOOD ,WV,1,0,0,0,1,2,0,1,2,0
WOODBURY ,IA,0,0,0,1,2,5,0,4,0,0
WOODFORD ,IL,2,0,0,1,0,2,0,4,1,0
WOODFORD ,KY,0,0,0,0,2,2,0,3,1,0
WOODRUFF ,AR,0,0,0,0,0,2,0,0,0,0
WOODS ,OK,0,0,0,0,1,0,0,0,0,0
WOODSON ,KS,0,0,0,0,1,0,0,1,0,0
WOODWARD ,OK,0,0,0,0,1,1,0,0,1,0
WORCESTER ,MA,2,1,4,0,2,35,3,0,5,0
WORCESTER ,MD,1,0,0,1,1,10,0,0,2,0
WORTH ,GA,0,0,0,0,0,1,0,1,0,0
WORTH ,IA,0,0,0,0,0,0,0,2,0,0
WRANGELL PETERSBURG ,AK,0,0,0,0,0,1,0,0,0,0
WRIGHT ,IA,1,0,0,0,0,2,0,2,0,0
WRIGHT ,MN,3,0,5,0,0,9,0,3,0,0
WRIGHT ,MO,1,0,0,0,2,4,0,1,0,0
WYANDOT ,OH,1,0,0,0,1,1,0,1,0,0
WYANDOTTE ,KS,0,0,2,1,5,9,0,1,4,1
WYOMING ,NY,2,0,0,1,0,7,0,1,1,0
WYOMING ,PA,0,0,0,1,1,4,0,2,0,0
WYOMING ,WV,0,0,0,0,1,3,0,0,1,0
WYTHE ,VA,0,0,0,0,1,0,0,2,0,0
YADKIN ,NC,0,0,0,1,2,4,0,3,0,0
YAKIMA ,WA,1,0,1,0,3,14,0,1,1,0
YALOBUSHA ,MS,0,0,0,0,1,4,0,0,0,0
YAMHILL ,OR,1,0,3,1,2,12,0,2,2,0
YANCEY ,NC,0,0,0,0,1,4,0,3,0,0
YANKTON ,SD,0,0,0,0,0,3,0,1,0,0
YATES ,NY,1,0,0,1,0,3,1,1,0,0
YAVAPAI ,AZ,2,1,4,1,5,34,1,4,3,1
YAZOO ,MS,0,0,0,0,1,4,0,1,0,0
YELL ,AR,0,0,0,0,2,1,0,0,0,0
YELLOW MEDICINE ,MN,3,0,3,0,0,1,0,2,0,0
YELLOWSTONE ,MT,2,0,2,0,3,13,0,2,1,0
YOLO ,CA,2,1,1,1,2,9,2,3,0,0
YORK ,ME,1,0,0,1,1,16,1,1,4,0
YORK ,NE,0,0,0,0,1,0,0,2,0,0
YORK ,PA,1,0,0,4,2,26,0,4,5,1
YORK ,SC,1,0,0,1,3,15,1,3,1,0
YORK ,VA,1,0,0,0,2,3,0,5,2,0
YOUNG ,TX,0,0,0,0,2,3,0,0,0,0
YUBA ,CA,1,1,2,0,3,6,0,0,0,0
YUKON KOYUKUK ,AK,1,0,0,0,0,1,0,0,0,0
YUMA ,AZ,4,1,1,1,2,33,1,5,2,0
YUMA ,CO,1,0,0,0,0,3,0,0,0,0
ZAPATA ,TX,0,0,0,0,0,4,0,0,0,0
ZAVALA ,TX,0,0,0,0,1,1,0,1,0,0
